employee_id,period,month_of_work,year_of_work,hour_in_month,salary_per_month,fee_per_hour
1,202006,6,2020,37.0,7500000,202702.7
1,202005,5,2020,119.4,7500000,62814.07
1,202004,4,2020,131.3,7500000,57121.1
1,202003,3,2020,33.3,7500000,225225.23
1,202001,1,2020,56.0,7500000,133928.57
1,201912,12,2019,74.4,7500000,100806.45
1,201911,11,2019,38.7,7500000,193798.45
1,201910,10,2019,121.8,7500000,61576.35
7,201912,12,2019,9.5,7500000,789473.68
8,202003,3,2020,23.6,13000000,550847.46
8,202002,2,2020,33.2,13000000,391566.27
8,202001,1,2020,97.9,13000000,132788.56
8,201912,12,2019,69.2,13000000,187861.27
8,201911,11,2019,89.5,13000000,145251.4
8,201910,10,2019,123.3,13000000,105433.9
8,201909,9,2019,14.8,13000000,878378.38
9,202010,10,2020,45.4,13500000,297356.83
9,202009,9,2020,184.5,13500000,73170.73
9,202008,8,2020,173.5,13500000,77809.8
9,202007,7,2020,208.5,13500000,64748.2
9,202006,6,2020,202.9,13500000,66535.24
9,202005,5,2020,154.0,13500000,87662.34
9,202004,4,2020,216.3,13500000,62413.31
9,202003,3,2020,184.9,13500000,73012.44
9,202002,2,2020,144.7,13500000,93296.48
9,202001,1,2020,174.1,13500000,77541.64
9,201912,12,2019,153.9,13500000,87719.3
9,201911,11,2019,170.6,13500000,79132.47
9,201910,10,2019,124.1,13500000,108783.24
9,201909,9,2019,19.2,13500000,703125.0
10,202012,12,2020,47.5,9000000,189473.68
10,202011,11,2020,199.5,9000000,45112.78
10,202010,10,2020,190.0,9000000,47368.42
10,202009,9,2020,204.8,9000000,43945.31
10,202008,8,2020,168.6,9000000,53380.78
10,202007,7,2020,204.5,9000000,44009.78
10,202006,6,2020,192.3,9000000,46801.87
10,202005,5,2020,135.0,9000000,66666.67
10,202004,4,2020,189.5,9000000,47493.4
10,202003,3,2020,196.3,9000000,45848.19
10,202002,2,2020,171.6,9000000,52447.55
10,202001,1,2020,113.5,9000000,79295.15
10,201912,12,2019,146.2,9000000,61559.51
10,201911,11,2019,177.8,9000000,50618.67
10,201910,10,2019,210.6,9000000,42735.04
10,201909,9,2019,9.0,9000000,1000000.0
11,201911,11,2019,,8500000,
11,201910,10,2019,107.0,8500000,79439.25
11,201909,9,2019,55.7,8500000,152603.23
12,201910,10,2019,68.6,7500000,109329.45
12,201909,9,2019,9.4,7500000,797872.34
13,202012,12,2020,146.0,9500000,65068.49
13,202011,11,2020,221.8,9500000,42831.38
13,202010,10,2020,200.2,9500000,47452.55
13,202009,9,2020,252.0,9500000,37698.41
13,202008,8,2020,211.8,9500000,44853.64
13,202007,7,2020,278.7,9500000,34086.83
13,202006,6,2020,243.3,9500000,39046.44
13,202005,5,2020,174.3,9500000,54503.73
13,202004,4,2020,290.4,9500000,32713.5
13,202003,3,2020,235.5,9500000,40339.7
13,202002,2,2020,169.1,9500000,56179.78
13,202001,1,2020,202.5,9500000,46913.58
13,201912,12,2019,121.1,9500000,78447.56
13,201911,11,2019,173.9,9500000,54629.1
13,201910,10,2019,196.6,9500000,48321.46
13,201909,9,2019,47.4,9500000,200421.94
14,202012,12,2020,108.0,6000000,55555.56
14,202011,11,2020,189.0,6000000,31746.03
14,202010,10,2020,190.0,6000000,31578.95
14,202009,9,2020,180.0,6000000,33333.33
14,202008,8,2020,162.0,6000000,37037.04
14,202007,7,2020,198.0,6000000,30303.03
14,202006,6,2020,189.0,6000000,31746.03
14,202005,5,2020,135.0,6000000,44444.44
14,202004,4,2020,199.6,6000000,30060.12
14,202003,3,2020,195.4,6000000,30706.24
14,202002,2,2020,207.9,6000000,28860.03
14,202001,1,2020,198.4,6000000,30241.94
14,201912,12,2019,141.9,6000000,42283.3
14,201911,11,2019,167.6,6000000,35799.52
14,201910,10,2019,225.4,6000000,26619.34
14,201909,9,2019,57.3,6000000,104712.04
15,202012,12,2020,137.7,6000000,43572.98
15,202011,11,2020,187.5,6000000,32000.0
15,202010,10,2020,203.0,6000000,29556.65
15,202009,9,2020,171.5,6000000,34985.42
15,202008,8,2020,171.4,6000000,35005.83
15,202007,7,2020,199.3,6000000,30105.37
15,202003,3,2020,176.5,6000000,33994.33
15,202002,2,2020,147.4,6000000,40705.56
15,202001,1,2020,169.1,6000000,35481.96
15,201912,12,2019,128.0,6000000,46875.0
15,201911,11,2019,167.8,6000000,35756.85
15,201910,10,2019,172.6,6000000,34762.46
15,201909,9,2019,15.9,6000000,377358.49
16,201910,10,2019,72.5,10000000,137931.03
16,201909,9,2019,,10000000,
17,202002,2,2020,111.3,14000000,125786.16
17,202001,1,2020,177.0,14000000,79096.05
17,201912,12,2019,158.8,14000000,88161.21
17,201911,11,2019,180.2,14000000,77691.45
17,201910,10,2019,184.7,14000000,75798.59
17,201909,9,2019,46.5,14000000,301075.27
18,202012,12,2020,108.0,12000000,111111.11
18,202011,11,2020,180.0,12000000,66666.67
18,202010,10,2020,171.0,12000000,70175.44
18,202009,9,2020,188.7,12000000,63593.0
18,202008,8,2020,144.0,12000000,83333.33
18,202007,7,2020,190.0,12000000,63157.89
18,202006,6,2020,189.0,12000000,63492.06
18,202005,5,2020,171.0,12000000,70175.44
18,202004,4,2020,33.0,12000000,363636.36
18,202003,3,2020,99.2,12000000,120967.74
18,202002,2,2020,232.8,12000000,51546.39
18,202001,1,2020,238.2,12000000,50377.83
18,201912,12,2019,224.8,12000000,53380.78
18,201911,11,2019,165.7,12000000,72420.04
18,201910,10,2019,191.5,12000000,62663.19
18,201909,9,2019,65.5,12000000,183206.11
19,202012,12,2020,122.0,11500000,94262.3
19,202011,11,2020,125.2,11500000,91853.04
19,202010,10,2020,185.0,11500000,62162.16
19,202009,9,2020,240.5,11500000,47817.05
19,202008,8,2020,173.0,11500000,66473.99
19,202007,7,2020,209.0,11500000,55023.92
19,202006,6,2020,199.0,11500000,57788.94
19,202005,5,2020,202.0,11500000,56930.69
19,202004,4,2020,217.0,11500000,52995.39
19,202003,3,2020,192.7,11500000,59678.26
19,202002,2,2020,187.7,11500000,61267.98
19,202001,1,2020,195.3,11500000,58883.77
19,201912,12,2019,124.6,11500000,92295.35
19,201911,11,2019,176.9,11500000,65008.48
19,201910,10,2019,227.9,11500000,50460.73
19,201909,9,2019,56.6,11500000,203180.21
20,202011,11,2020,66.0,11500000,174242.42
20,202010,10,2020,151.0,11500000,76158.94
20,202009,9,2020,215.8,11500000,53290.08
20,202008,8,2020,157.5,11500000,73015.87
20,202007,7,2020,199.9,11500000,57528.76
20,202006,6,2020,184.9,11500000,62195.78
20,202005,5,2020,167.2,11500000,68779.9
20,202004,4,2020,247.2,11500000,46521.04
20,202003,3,2020,142.6,11500000,80645.16
20,202002,2,2020,141.4,11500000,81329.56
20,202001,1,2020,200.6,11500000,57328.02
20,201912,12,2019,176.9,11500000,65008.48
20,201911,11,2019,146.1,11500000,78713.21
20,201910,10,2019,160.6,11500000,71606.48
21,202012,12,2020,120.9,13500000,111662.53
21,202011,11,2020,189.0,13500000,71428.57
21,202010,10,2020,171.0,13500000,78947.37
21,202009,9,2020,189.0,13500000,71428.57
21,202008,8,2020,162.0,13500000,83333.33
21,202007,7,2020,198.0,13500000,68181.82
21,202006,6,2020,199.7,13500000,67601.4
21,202005,5,2020,171.8,13500000,78579.74
21,202004,4,2020,195.1,13500000,69195.28
21,202003,3,2020,183.2,13500000,73689.96
21,202002,2,2020,149.7,13500000,90180.36
21,202001,1,2020,162.4,13500000,83128.08
21,201912,12,2019,163.1,13500000,82771.31
21,201911,11,2019,181.7,13500000,74298.29
21,201910,10,2019,195.3,13500000,69124.42
21,201909,9,2019,157.5,13500000,85714.29
21,201908,8,2019,45.0,13500000,300000.0
22,202012,12,2020,45.0,8000000,177777.78
22,202011,11,2020,171.0,8000000,46783.63
22,202010,10,2020,171.0,8000000,46783.63
22,202009,9,2020,198.0,8000000,40404.04
22,202008,8,2020,165.0,8000000,48484.85
22,202007,7,2020,198.0,8000000,40404.04
22,202006,6,2020,189.0,8000000,42328.04
22,202005,5,2020,144.0,8000000,55555.56
22,202004,4,2020,189.3,8000000,42260.96
22,202003,3,2020,185.9,8000000,43033.89
22,202002,2,2020,122.0,8000000,65573.77
22,202001,1,2020,173.4,8000000,46136.1
22,201912,12,2019,147.7,8000000,54163.85
22,201911,11,2019,87.7,8000000,91220.07
22,201910,10,2019,190.3,8000000,42038.89
22,201909,9,2019,115.4,8000000,69324.09
22,201908,8,2019,45.6,8000000,175438.6
23,202012,12,2020,119.6,13000000,108695.65
23,202011,11,2020,192.5,13000000,67532.47
23,202010,10,2020,189.6,13000000,68565.4
23,202009,9,2020,200.7,13000000,64773.29
23,202008,8,2020,175.1,13000000,74243.29
23,202007,7,2020,190.2,13000000,68349.11
23,202006,6,2020,189.0,13000000,68783.07
23,202005,5,2020,170.9,13000000,76067.88
23,202004,4,2020,236.6,13000000,54945.05
23,202003,3,2020,180.7,13000000,71942.45
23,202002,2,2020,143.0,13000000,90909.09
23,202001,1,2020,186.3,13000000,69779.92
23,201912,12,2019,180.2,13000000,72142.06
23,201911,11,2019,150.5,13000000,86378.74
23,201910,10,2019,194.7,13000000,66769.39
23,201909,9,2019,58.9,13000000,220713.07
24,202012,12,2020,112.6,14500000,128774.42
24,202011,11,2020,107.5,14500000,134883.72
24,202010,10,2020,177.7,14500000,81598.2
24,202009,9,2020,215.2,14500000,67379.18
24,202008,8,2020,184.9,14500000,78420.77
24,202007,7,2020,208.2,14500000,69644.57
24,202006,6,2020,196.4,14500000,73828.92
24,202005,5,2020,151.3,14500000,95836.09
24,202004,4,2020,203.1,14500000,71393.4
24,202003,3,2020,193.4,14500000,74974.15
24,202002,2,2020,156.5,14500000,92651.76
24,202001,1,2020,151.5,14500000,95709.57
24,201912,12,2019,156.5,14500000,92651.76
24,201911,11,2019,170.8,14500000,84894.61
24,201910,10,2019,151.8,14500000,95520.42
25,201911,11,2019,126.0,12500000,99206.35
25,201910,10,2019,171.8,12500000,72759.02
26,202012,12,2020,117.0,10500000,89743.59
26,202011,11,2020,190.6,10500000,55089.19
26,202010,10,2020,171.0,10500000,61403.51
26,202009,9,2020,198.0,10500000,53030.3
26,202008,8,2020,162.0,10500000,64814.81
26,202007,7,2020,198.0,10500000,53030.3
26,202006,6,2020,189.0,10500000,55555.56
26,202005,5,2020,170.2,10500000,61692.13
26,202004,4,2020,208.5,10500000,50359.71
26,202003,3,2020,198.1,10500000,53003.53
26,202002,2,2020,218.6,10500000,48032.94
26,202001,1,2020,216.8,10500000,48431.73
26,201912,12,2019,159.8,10500000,65707.13
26,201911,11,2019,180.1,10500000,58300.94
26,201910,10,2019,196.4,10500000,53462.32
26,201909,9,2019,39.8,10500000,263819.1
27,202012,12,2020,108.0,9000000,83333.33
27,202011,11,2020,180.0,9000000,50000.0
27,202010,10,2020,171.0,9000000,52631.58
27,202009,9,2020,189.0,9000000,47619.05
27,202008,8,2020,162.0,9000000,55555.56
27,202007,7,2020,185.0,9000000,48648.65
27,202006,6,2020,180.0,9000000,50000.0
27,202005,5,2020,144.0,9000000,62500.0
27,202004,4,2020,180.0,9000000,50000.0
27,202003,3,2020,184.8,9000000,48701.3
27,202002,2,2020,177.1,9000000,50818.75
27,202001,1,2020,184.9,9000000,48674.96
27,201912,12,2019,172.6,9000000,52143.68
27,201911,11,2019,147.7,9000000,60934.33
27,201910,10,2019,148.6,9000000,60565.28
27,201909,9,2019,46.1,9000000,195227.77
28,202012,12,2020,126.0,8500000,67460.32
28,202011,11,2020,162.0,8500000,52469.14
28,202010,10,2020,171.0,8500000,49707.6
28,202009,9,2020,198.0,8500000,42929.29
28,202008,8,2020,162.0,8500000,52469.14
28,202007,7,2020,198.0,8500000,42929.29
28,202006,6,2020,190.1,8500000,44713.31
28,202005,5,2020,146.2,8500000,58139.53
28,202004,4,2020,214.2,8500000,39682.54
28,202003,3,2020,200.4,8500000,42415.17
28,202002,2,2020,181.4,8500000,46857.77
28,202001,1,2020,201.7,8500000,42141.79
28,201912,12,2019,171.2,8500000,49649.53
28,201911,11,2019,188.8,8500000,45021.19
28,201910,10,2019,106.2,8500000,80037.66
28,201909,9,2019,45.4,8500000,187224.67
29,202010,10,2020,162.0,14000000,86419.75
29,202009,9,2020,187.2,14000000,74786.32
29,202008,8,2020,145.0,14000000,96551.72
29,202007,7,2020,171.0,14000000,81871.35
29,202006,6,2020,189.0,14000000,74074.07
29,202005,5,2020,135.0,14000000,103703.7
29,202004,4,2020,162.0,14000000,86419.75
29,202003,3,2020,123.5,14000000,113360.32
29,202002,2,2020,32.7,14000000,428134.56
29,202001,1,2020,104.6,14000000,133843.21
29,201912,12,2019,107.2,14000000,130597.01
29,201911,11,2019,161.1,14000000,86902.55
29,201910,10,2019,139.5,14000000,100358.42
29,201909,9,2019,35.2,14000000,397727.27
30,202012,12,2020,117.0,5500000,47008.55
30,202011,11,2020,189.0,5500000,29100.53
30,202010,10,2020,173.0,5500000,31791.91
30,202009,9,2020,196.0,5500000,28061.22
30,202008,8,2020,171.0,5500000,32163.74
30,202007,7,2020,199.0,5500000,27638.19
30,202006,6,2020,180.0,5500000,30555.56
30,202005,5,2020,144.9,5500000,37957.21
30,202004,4,2020,267.0,5500000,20599.25
30,202003,3,2020,204.5,5500000,26894.87
30,202002,2,2020,163.2,5500000,33700.98
30,202001,1,2020,164.3,5500000,33475.35
30,201912,12,2019,173.5,5500000,31700.29
30,201911,11,2019,212.7,5500000,25858.02
30,201910,10,2019,212.4,5500000,25894.54
30,201909,9,2019,49.5,5500000,111111.11
31,202001,1,2020,28.5,13000000,456140.35
31,201912,12,2019,43.0,13000000,302325.58
31,201911,11,2019,159.0,13000000,81761.01
31,201910,10,2019,100.0,13000000,130000.0
31,201909,9,2019,,13000000,
31,201908,8,2019,,13000000,
32,202012,12,2020,126.4,14000000,110759.49
32,202011,11,2020,144.3,14000000,97020.1
32,202010,10,2020,162.1,14000000,86366.44
32,202009,9,2020,201.5,14000000,69478.91
32,202008,8,2020,139.4,14000000,100430.42
32,202007,7,2020,199.9,14000000,70035.02
32,202006,6,2020,192.2,14000000,72840.79
32,202005,5,2020,145.4,14000000,96286.11
32,202004,4,2020,191.3,14000000,73183.48
32,202003,3,2020,207.6,14000000,67437.38
32,202002,2,2020,165.8,14000000,84439.08
32,202001,1,2020,187.0,14000000,74866.31
32,201912,12,2019,177.1,14000000,79051.38
32,201911,11,2019,197.7,14000000,70814.37
32,201910,10,2019,222.2,14000000,63006.3
32,201909,9,2019,57.4,14000000,243902.44
33,201911,11,2019,10.2,9500000,931372.55
33,201910,10,2019,98.4,9500000,96544.72
33,201909,9,2019,,9500000,
34,202006,6,2020,95.5,13000000,136125.65
34,202005,5,2020,115.5,13000000,112554.11
34,202004,4,2020,136.6,13000000,95168.37
34,202003,3,2020,212.6,13000000,61147.7
34,202002,2,2020,207.9,13000000,62530.06
34,202001,1,2020,212.7,13000000,61118.95
34,201912,12,2019,203.5,13000000,63882.06
34,201911,11,2019,262.8,13000000,49467.28
34,201910,10,2019,251.1,13000000,51772.2
34,201909,9,2019,33.5,13000000,388059.7
35,202012,12,2020,15.1,13500000,894039.74
35,202009,9,2020,49.7,13500000,271629.78
35,202008,8,2020,157.6,13500000,85659.9
35,202007,7,2020,187.2,13500000,72115.38
35,202006,6,2020,115.3,13500000,117085.86
35,202005,5,2020,142.0,13500000,95070.42
35,202004,4,2020,161.1,13500000,83798.88
35,202003,3,2020,163.8,13500000,82417.58
35,202002,2,2020,154.1,13500000,87605.45
35,202001,1,2020,166.6,13500000,81032.41
35,201912,12,2019,151.7,13500000,88991.43
35,201911,11,2019,183.7,13500000,73489.38
35,201910,10,2019,188.3,13500000,71694.11
35,201909,9,2019,21.5,13500000,627906.98
36,202012,12,2020,57.9,6000000,103626.94
36,202011,11,2020,162.1,6000000,37014.19
36,202010,10,2020,196.9,6000000,30472.32
36,202009,9,2020,214.2,6000000,28011.2
36,202008,8,2020,177.4,6000000,33821.87
36,202007,7,2020,214.8,6000000,27932.96
36,202006,6,2020,177.7,6000000,33764.77
36,202005,5,2020,170.1,6000000,35273.37
36,202004,4,2020,196.0,6000000,30612.24
36,202003,3,2020,207.2,6000000,28957.53
36,202002,2,2020,181.2,6000000,33112.58
36,202001,1,2020,213.0,6000000,28169.01
36,201912,12,2019,162.3,6000000,36968.58
36,201911,11,2019,226.8,6000000,26455.03
36,201910,10,2019,191.6,6000000,31315.24
36,201909,9,2019,28.2,6000000,212765.96
37,202012,12,2020,42.6,6000000,140845.07
37,202011,11,2020,107.3,6000000,55917.99
37,202010,10,2020,264.0,6000000,22727.27
37,202009,9,2020,269.6,6000000,22255.19
37,202008,8,2020,229.9,6000000,26098.3
37,202007,7,2020,253.1,6000000,23706.05
37,202006,6,2020,250.7,6000000,23932.99
37,202005,5,2020,181.2,6000000,33112.58
37,202004,4,2020,147.6,6000000,40650.41
37,202003,3,2020,219.0,6000000,27397.26
37,202002,2,2020,232.3,6000000,25828.67
37,202001,1,2020,244.5,6000000,24539.88
37,201912,12,2019,253.8,6000000,23640.66
37,201911,11,2019,235.5,6000000,25477.71
37,201910,10,2019,231.5,6000000,25917.93
37,201909,9,2019,25.5,6000000,235294.12
38,202012,12,2020,88.1,11500000,130533.48
38,202011,11,2020,84.7,11500000,135773.32
38,202010,10,2020,177.8,11500000,64679.42
38,202009,9,2020,190.6,11500000,60335.78
38,202008,8,2020,158.5,11500000,72555.21
38,202007,7,2020,196.6,11500000,58494.4
38,202006,6,2020,175.7,11500000,65452.48
38,202005,5,2020,148.6,11500000,77388.96
38,202004,4,2020,165.2,11500000,69612.59
38,202003,3,2020,174.0,11500000,66091.95
38,202002,2,2020,181.4,11500000,63395.81
38,202001,1,2020,198.4,11500000,57963.71
38,201912,12,2019,170.1,11500000,67607.29
38,201911,11,2019,169.2,11500000,67966.9
38,201910,10,2019,185.4,11500000,62028.05
38,201909,9,2019,36.1,11500000,318559.56
39,202012,12,2020,7.7,5000000,649350.65
39,202009,9,2020,126.8,5000000,39432.18
39,202008,8,2020,159.1,5000000,31426.78
39,202007,7,2020,206.6,5000000,24201.36
39,202006,6,2020,179.5,5000000,27855.15
39,202005,5,2020,158.7,5000000,31505.99
39,202004,4,2020,177.0,5000000,28248.59
39,202003,3,2020,188.1,5000000,26581.61
39,202002,2,2020,183.3,5000000,27277.69
39,202001,1,2020,193.0,5000000,25906.74
39,201912,12,2019,170.0,5000000,29411.76
39,201911,11,2019,200.8,5000000,24900.4
39,201910,10,2019,204.6,5000000,24437.93
39,201909,9,2019,29.7,5000000,168350.17
40,202012,12,2020,37.5,8000000,213333.33
40,202011,11,2020,114.7,8000000,69747.17
40,202010,10,2020,178.3,8000000,44868.2
40,202009,9,2020,193.4,8000000,41365.05
40,202008,8,2020,174.2,8000000,45924.23
40,202007,7,2020,202.5,8000000,39506.17
40,202006,6,2020,167.7,8000000,47704.23
40,202005,5,2020,137.1,8000000,58351.57
40,202004,4,2020,174.6,8000000,45819.01
40,202003,3,2020,195.1,8000000,41004.61
40,202002,2,2020,166.7,8000000,47990.4
40,202001,1,2020,177.9,8000000,44969.08
40,201912,12,2019,161.3,8000000,49597.02
40,201911,11,2019,155.6,8000000,51413.88
40,201910,10,2019,212.6,8000000,37629.35
40,201909,9,2019,18.8,8000000,425531.91
41,202012,12,2020,-11.3,13500000,-1194690.27
41,202011,11,2020,-89.7,13500000,-150501.67
41,202010,10,2020,-94.2,13500000,-143312.1
41,202009,9,2020,,13500000,
41,202008,8,2020,12.2,13500000,1106557.38
41,202007,7,2020,-38.6,13500000,-349740.93
41,202006,6,2020,,13500000,
41,202005,5,2020,12.0,13500000,1125000.0
41,202004,4,2020,6.0,13500000,2250000.0
41,202003,3,2020,-9.6,13500000,-1406250.0
41,202002,2,2020,,13500000,
41,202001,1,2020,-10.9,13500000,-1238532.11
41,201912,12,2019,-18.6,13500000,-725806.45
41,201911,11,2019,-23.3,13500000,-579399.14
41,201910,10,2019,,13500000,
41,201909,9,2019,0.5,13500000,27000000.0
42,202012,12,2020,38.2,9500000,248691.1
42,202011,11,2020,111.9,9500000,84897.23
42,202010,10,2020,210.8,9500000,45066.41
42,202009,9,2020,237.0,9500000,40084.39
42,202008,8,2020,180.6,9500000,52602.44
42,202007,7,2020,206.2,9500000,46071.78
42,202006,6,2020,213.8,9500000,44434.05
42,202005,5,2020,133.0,9500000,71428.57
42,202004,4,2020,134.0,9500000,70895.52
42,202003,3,2020,219.3,9500000,43319.65
42,202002,2,2020,178.4,9500000,53251.12
42,202001,1,2020,184.8,9500000,51406.93
42,201912,12,2019,169.2,9500000,56146.57
42,201911,11,2019,187.3,9500000,50720.77
42,201910,10,2019,187.8,9500000,50585.73
42,201909,9,2019,31.3,9500000,303514.38
43,202012,12,2020,-31.2,14500000,-464743.59
43,202011,11,2020,-52.5,14500000,-276190.48
43,202010,10,2020,-77.5,14500000,-187096.77
43,202009,9,2020,-10.5,14500000,-1380952.38
43,202008,8,2020,10.4,14500000,1394230.77
43,202007,7,2020,6.1,14500000,2377049.18
43,202006,6,2020,-68.5,14500000,-211678.83
43,202005,5,2020,-24.0,14500000,-604166.67
43,202004,4,2020,6.0,14500000,2416666.67
43,202003,3,2020,12.0,14500000,1208333.33
43,202002,2,2020,-20.2,14500000,-717821.78
43,202001,1,2020,,14500000,
43,201912,12,2019,-61.2,14500000,-236928.1
43,201911,11,2019,1.9,14500000,7631578.95
43,201910,10,2019,,14500000,
43,201909,9,2019,2.0,14500000,7250000.0
44,202012,12,2020,78.5,9500000,121019.11
44,202011,11,2020,219.5,9500000,43280.18
44,202010,10,2020,272.0,9500000,34926.47
44,202009,9,2020,294.9,9500000,32214.31
44,202008,8,2020,260.3,9500000,36496.35
44,202007,7,2020,306.1,9500000,31035.61
44,202006,6,2020,280.7,9500000,33843.96
44,202005,5,2020,196.9,9500000,48247.84
44,202004,4,2020,156.8,9500000,60586.73
44,202003,3,2020,224.8,9500000,42259.79
44,202002,2,2020,200.9,9500000,47287.21
44,202001,1,2020,185.2,9500000,51295.9
44,201912,12,2019,151.4,9500000,62747.69
44,201911,11,2019,176.2,9500000,53916.0
44,201910,10,2019,214.4,9500000,44309.7
44,201909,9,2019,29.8,9500000,318791.95
45,202007,7,2020,41.5,10000000,240963.86
45,202006,6,2020,199.5,10000000,50125.31
45,202005,5,2020,147.8,10000000,67659.0
45,202004,4,2020,128.1,10000000,78064.01
45,202003,3,2020,202.8,10000000,49309.66
45,202002,2,2020,155.9,10000000,64143.68
45,202001,1,2020,186.6,10000000,53590.57
45,201912,12,2019,161.8,10000000,61804.7
45,201911,11,2019,168.1,10000000,59488.4
45,201910,10,2019,189.7,10000000,52714.81
45,201909,9,2019,31.8,10000000,314465.41
46,202009,9,2020,187.8,7500000,39936.1
46,202008,8,2020,157.1,7500000,47740.29
46,202007,7,2020,215.5,7500000,34802.78
46,202006,6,2020,167.4,7500000,44802.87
46,202005,5,2020,90.6,7500000,82781.46
46,202004,4,2020,127.7,7500000,58731.4
46,202003,3,2020,101.8,7500000,73673.87
46,202002,2,2020,183.1,7500000,40961.22
46,202001,1,2020,182.4,7500000,41118.42
46,201912,12,2019,178.2,7500000,42087.54
46,201911,11,2019,122.2,7500000,61374.8
46,201910,10,2019,199.2,7500000,37650.6
46,201909,9,2019,,7500000,
47,202003,3,2020,48.6,14500000,298353.91
47,202002,2,2020,150.0,14500000,96666.67
47,202001,1,2020,195.3,14500000,74244.75
47,201912,12,2019,175.7,14500000,82527.03
47,201911,11,2019,185.1,14500000,78336.03
47,201910,10,2019,179.1,14500000,80960.36
47,201909,9,2019,31.8,14500000,455974.84
48,202012,12,2020,98.6,11000000,111561.87
48,202011,11,2020,132.4,11000000,83081.57
48,202010,10,2020,206.3,11000000,53320.41
48,202009,9,2020,253.8,11000000,43341.21
48,202008,8,2020,253.7,11000000,43358.3
48,202007,7,2020,215.8,11000000,50973.12
48,202006,6,2020,220.2,11000000,49954.59
48,202005,5,2020,141.9,11000000,77519.38
48,202004,4,2020,174.0,11000000,63218.39
48,202003,3,2020,232.8,11000000,47250.86
48,202002,2,2020,190.2,11000000,57833.86
48,202001,1,2020,166.4,11000000,66105.77
48,201912,12,2019,171.4,11000000,64177.36
48,201911,11,2019,178.2,11000000,61728.4
48,201910,10,2019,148.6,11000000,74024.23
49,202012,12,2020,81.7,8000000,97919.22
49,202011,11,2020,196.2,8000000,40774.72
49,202010,10,2020,213.4,8000000,37488.28
49,202009,9,2020,235.9,8000000,33912.67
49,202008,8,2020,208.4,8000000,38387.72
49,202007,7,2020,234.3,8000000,34144.26
49,202006,6,2020,180.8,8000000,44247.79
49,202005,5,2020,113.0,8000000,70796.46
49,202004,4,2020,142.3,8000000,56219.26
49,202003,3,2020,182.1,8000000,43931.91
49,202002,2,2020,184.3,8000000,43407.49
49,202001,1,2020,183.2,8000000,43668.12
49,201912,12,2019,173.1,8000000,46216.06
49,201911,11,2019,170.3,8000000,46975.92
49,201910,10,2019,216.5,8000000,36951.5
49,201909,9,2019,46.9,8000000,170575.69
50,202012,12,2020,76.0,9000000,118421.05
50,202011,11,2020,145.3,9000000,61940.81
50,202010,10,2020,245.5,9000000,36659.88
50,202009,9,2020,224.1,9000000,40160.64
50,202008,8,2020,195.2,9000000,46106.56
50,202007,7,2020,246.4,9000000,36525.97
50,202006,6,2020,226.1,9000000,39805.4
50,202005,5,2020,160.3,9000000,56144.73
50,202004,4,2020,239.8,9000000,37531.28
50,202003,3,2020,238.9,9000000,37672.67
50,202002,2,2020,204.8,9000000,43945.31
50,202001,1,2020,217.4,9000000,41398.34
50,201912,12,2019,214.2,9000000,42016.81
50,201911,11,2019,221.8,9000000,40577.1
50,201910,10,2019,248.7,9000000,36188.18
50,201909,9,2019,28.6,9000000,314685.31
51,202012,12,2020,60.5,5500000,90909.09
51,202011,11,2020,135.3,5500000,40650.41
51,202010,10,2020,207.2,5500000,26544.4
51,202009,9,2020,227.2,5500000,24207.75
51,202008,8,2020,226.0,5500000,24336.28
51,202007,7,2020,245.2,5500000,22430.67
51,202006,6,2020,243.4,5500000,22596.55
51,202005,5,2020,175.8,5500000,31285.55
51,202004,4,2020,231.4,5500000,23768.37
51,202003,3,2020,224.6,5500000,24487.98
51,202002,2,2020,144.5,5500000,38062.28
51,202001,1,2020,179.3,5500000,30674.85
51,201912,12,2019,155.7,5500000,35324.34
51,201911,11,2019,193.1,5500000,28482.65
51,201910,10,2019,211.4,5500000,26017.03
51,201909,9,2019,27.8,5500000,197841.73
52,202012,12,2020,70.3,5500000,78236.13
52,202011,11,2020,159.3,5500000,34526.05
52,202010,10,2020,192.2,5500000,28616.03
52,202009,9,2020,213.7,5500000,25737.01
52,202008,8,2020,153.2,5500000,35900.78
52,202007,7,2020,205.5,5500000,26763.99
52,202006,6,2020,195.8,5500000,28089.89
52,202005,5,2020,176.4,5500000,31179.14
52,202004,4,2020,166.0,5500000,33132.53
52,202003,3,2020,198.4,5500000,27721.77
52,202002,2,2020,168.4,5500000,32660.33
52,202001,1,2020,179.7,5500000,30606.57
52,201912,12,2019,188.4,5500000,29193.21
52,201911,11,2019,173.4,5500000,31718.57
52,201910,10,2019,202.2,5500000,27200.79
52,201909,9,2019,37.7,5500000,145888.59
53,202012,12,2020,68.9,9500000,137880.99
53,202011,11,2020,147.9,9500000,64232.59
53,202010,10,2020,179.3,9500000,52983.83
53,202009,9,2020,212.7,9500000,44663.85
53,202008,8,2020,194.6,9500000,48818.09
53,202007,7,2020,189.2,9500000,50211.42
53,202006,6,2020,185.3,9500000,51268.21
53,202005,5,2020,167.1,9500000,56852.18
53,202004,4,2020,177.6,9500000,53490.99
53,202003,3,2020,192.4,9500000,49376.3
53,202002,2,2020,198.6,9500000,47834.84
53,202001,1,2020,197.2,9500000,48174.44
53,201912,12,2019,201.5,9500000,47146.4
53,201911,11,2019,154.4,9500000,61528.5
53,201910,10,2019,181.2,9500000,52428.26
53,201909,9,2019,23.0,9500000,413043.48
54,202012,12,2020,50.9,7500000,147347.74
54,202011,11,2020,141.1,7500000,53153.79
54,202010,10,2020,213.2,7500000,35178.24
54,202009,9,2020,199.0,7500000,37688.44
54,202008,8,2020,183.2,7500000,40938.86
54,202007,7,2020,182.8,7500000,41028.45
54,202006,6,2020,174.7,7500000,42930.74
54,202005,5,2020,154.3,7500000,48606.61
54,202004,4,2020,168.0,7500000,44642.86
54,202003,3,2020,191.1,7500000,39246.47
54,202002,2,2020,184.4,7500000,40672.45
54,202001,1,2020,170.9,7500000,43885.31
54,201912,12,2019,197.2,7500000,38032.45
54,201911,11,2019,185.3,7500000,40474.91
54,201910,10,2019,218.5,7500000,34324.94
54,201909,9,2019,45.9,7500000,163398.69
55,202012,12,2020,63.3,12000000,189573.46
55,202011,11,2020,145.6,12000000,82417.58
55,202010,10,2020,160.6,12000000,74719.8
55,202009,9,2020,184.5,12000000,65040.65
55,202008,8,2020,190.4,12000000,63025.21
55,202007,7,2020,184.5,12000000,65040.65
55,202006,6,2020,186.2,12000000,64446.83
55,202005,5,2020,145.8,12000000,82304.53
55,202004,4,2020,151.0,12000000,79470.2
55,202003,3,2020,179.8,12000000,66740.82
55,202002,2,2020,194.7,12000000,61633.28
55,202001,1,2020,189.4,12000000,63357.97
55,201912,12,2019,194.4,12000000,61728.4
55,201911,11,2019,188.7,12000000,63593.0
55,201910,10,2019,202.5,12000000,59259.26
55,201909,9,2019,28.7,12000000,418118.47
56,202012,12,2020,22.9,10500000,458515.28
56,202011,11,2020,129.3,10500000,81206.5
56,202010,10,2020,169.3,10500000,62020.08
56,202009,9,2020,189.9,10500000,55292.26
56,202008,8,2020,188.8,10500000,55614.41
56,202007,7,2020,181.6,10500000,57819.38
56,202006,6,2020,175.0,10500000,60000.0
56,202003,3,2020,10.6,10500000,990566.04
56,202002,2,2020,180.6,10500000,58139.53
56,202001,1,2020,174.1,10500000,60310.17
56,201912,12,2019,154.2,10500000,68093.39
56,201911,11,2019,179.4,10500000,58528.43
56,201910,10,2019,154.6,10500000,67917.21
56,201909,9,2019,21.6,10500000,486111.11
57,202012,12,2020,14.5,13000000,896551.72
57,202009,9,2020,54.4,13000000,238970.59
57,202008,8,2020,144.1,13000000,90215.13
57,202007,7,2020,204.4,13000000,63600.78
57,202006,6,2020,182.1,13000000,71389.35
57,202005,5,2020,158.6,13000000,81967.21
57,202004,4,2020,163.4,13000000,79559.36
57,202003,3,2020,197.8,13000000,65722.95
57,202002,2,2020,187.9,13000000,69185.74
57,202001,1,2020,185.3,13000000,70156.5
57,201912,12,2019,175.2,13000000,74200.91
57,201911,11,2019,185.1,13000000,70232.31
57,201910,10,2019,205.9,13000000,63137.45
57,201909,9,2019,30.7,13000000,423452.77
58,202012,12,2020,28.7,13000000,452961.67
58,202011,11,2020,126.9,13000000,102442.87
58,202010,10,2020,189.0,13000000,68783.07
58,202009,9,2020,184.4,13000000,70498.92
58,202008,8,2020,163.2,13000000,79656.86
58,202007,7,2020,196.3,13000000,66225.17
58,202006,6,2020,187.6,13000000,69296.38
58,202005,5,2020,165.0,13000000,78787.88
58,202004,4,2020,170.0,13000000,76470.59
58,202003,3,2020,194.2,13000000,66941.3
58,202002,2,2020,189.0,13000000,68783.07
58,202001,1,2020,182.9,13000000,71077.09
58,201912,12,2019,172.0,13000000,75581.4
58,201911,11,2019,191.9,13000000,67743.62
58,201910,10,2019,182.6,13000000,71193.87
58,201909,9,2019,30.4,13000000,427631.58
59,202012,12,2020,83.7,7000000,83632.02
59,202011,11,2020,193.2,7000000,36231.88
59,202010,10,2020,172.1,7000000,40674.03
59,202009,9,2020,205.2,7000000,34113.06
59,202008,8,2020,163.2,7000000,42892.16
59,202007,7,2020,199.1,7000000,35158.21
59,202006,6,2020,210.1,7000000,33317.47
59,202005,5,2020,124.5,7000000,56224.9
59,202004,4,2020,192.3,7000000,36401.46
59,202003,3,2020,203.2,7000000,34448.82
59,202002,2,2020,146.4,7000000,47814.21
59,202001,1,2020,179.5,7000000,38997.21
59,201912,12,2019,132.9,7000000,52671.18
59,201911,11,2019,182.3,7000000,38398.24
59,201910,10,2019,135.5,7000000,51660.52
60,202009,9,2020,18.0,12500000,694444.44
60,202008,8,2020,174.0,12500000,71839.08
60,202007,7,2020,198.0,12500000,63131.31
60,202006,6,2020,189.0,12500000,66137.57
60,202005,5,2020,153.0,12500000,81699.35
60,202004,4,2020,189.0,12500000,66137.57
60,202003,3,2020,160.7,12500000,77784.69
60,202002,2,2020,166.4,12500000,75120.19
60,202001,1,2020,180.0,12500000,69444.44
60,201912,12,2019,135.2,12500000,92455.62
60,201911,11,2019,180.2,12500000,69367.37
60,201910,10,2019,168.4,12500000,74228.03
60,201909,9,2019,86.9,12500000,143843.5
60,201908,8,2019,30.8,12500000,405844.16
61,202012,12,2020,92.9,14500000,156081.81
61,202011,11,2020,194.0,14500000,74742.27
61,202010,10,2020,148.3,14500000,97774.78
61,202009,9,2020,201.6,14500000,71924.6
61,202008,8,2020,168.4,14500000,86104.51
61,202007,7,2020,196.7,14500000,73716.32
61,202006,6,2020,189.1,14500000,76679.01
61,202005,5,2020,173.2,14500000,83718.24
61,202004,4,2020,193.9,14500000,74780.81
61,202003,3,2020,180.0,14500000,80555.56
61,202002,2,2020,198.1,14500000,73195.36
61,202001,1,2020,205.4,14500000,70593.96
61,201912,12,2019,115.0,14500000,126086.96
61,201911,11,2019,181.3,14500000,79977.94
61,201910,10,2019,198.5,14500000,73047.86
61,201909,9,2019,22.7,14500000,638766.52
62,202012,12,2020,109.0,12500000,114678.9
62,202011,11,2020,224.0,12500000,55803.57
62,202010,10,2020,212.0,12500000,58962.26
62,202009,9,2020,223.2,12500000,56003.58
62,202008,8,2020,152.2,12500000,82128.78
62,202007,7,2020,243.4,12500000,51355.79
62,202006,6,2020,236.6,12500000,52831.78
62,202005,5,2020,132.2,12500000,94553.71
62,202004,4,2020,221.4,12500000,56458.9
62,202003,3,2020,214.2,12500000,58356.68
62,202002,2,2020,205.1,12500000,60945.88
62,202001,1,2020,217.2,12500000,57550.64
62,201912,12,2019,173.4,12500000,72087.66
62,201911,11,2019,233.2,12500000,53602.06
62,201910,10,2019,107.9,12500000,115848.01
63,201910,10,2019,68.1,13500000,198237.89
63,201909,9,2019,82.8,13500000,163043.48
63,201908,8,2019,44.8,13500000,301339.29
64,202012,12,2020,110.3,8000000,72529.47
64,202011,11,2020,197.8,8000000,40444.89
64,202010,10,2020,166.5,8000000,48048.05
64,202009,9,2020,202.5,8000000,39506.17
64,202008,8,2020,165.6,8000000,48309.18
64,202007,7,2020,202.3,8000000,39545.23
64,202006,6,2020,182.5,8000000,43835.62
64,202005,5,2020,145.7,8000000,54907.34
64,202004,4,2020,137.7,8000000,58097.31
64,202003,3,2020,191.9,8000000,41688.38
64,202002,2,2020,166.6,8000000,48019.21
64,202001,1,2020,190.9,8000000,41906.76
64,201912,12,2019,155.3,8000000,51513.2
64,201911,11,2019,173.0,8000000,46242.77
64,201910,10,2019,161.6,8000000,49504.95
65,202012,12,2020,78.5,12500000,159235.67
65,202011,11,2020,175.3,12500000,71306.33
65,202010,10,2020,175.3,12500000,71306.33
65,202009,9,2020,194.2,12500000,64366.63
65,202008,8,2020,153.4,12500000,81486.31
65,202007,7,2020,199.6,12500000,62625.25
65,202006,6,2020,190.6,12500000,65582.37
65,202005,5,2020,114.3,12500000,109361.33
65,202004,4,2020,124.4,12500000,100482.32
65,202001,1,2020,62.2,12500000,200964.63
65,201912,12,2019,114.6,12500000,109075.04
65,201911,11,2019,189.9,12500000,65824.12
65,201910,10,2019,178.9,12500000,69871.44
65,201909,9,2019,16.6,12500000,753012.05
66,202012,12,2020,67.9,10000000,147275.41
66,202011,11,2020,202.6,10000000,49358.34
66,202010,10,2020,191.2,10000000,52301.26
66,202009,9,2020,189.4,10000000,52798.31
66,202008,8,2020,159.6,10000000,62656.64
66,202007,7,2020,197.8,10000000,50556.12
66,202006,6,2020,195.6,10000000,51124.74
66,202005,5,2020,163.2,10000000,61274.51
66,202004,4,2020,155.9,10000000,64143.68
66,202003,3,2020,194.2,10000000,51493.31
66,202002,2,2020,193.1,10000000,51786.64
66,202001,1,2020,192.5,10000000,51948.05
66,201912,12,2019,161.6,10000000,61881.19
66,201911,11,2019,178.0,10000000,56179.78
66,201910,10,2019,134.5,10000000,74349.44
66,201909,9,2019,144.5,10000000,69204.15
66,201908,8,2019,64.4,10000000,155279.5
68,202002,2,2020,113.6,5000000,44014.08
68,202001,1,2020,203.2,5000000,24606.3
68,201912,12,2019,171.2,5000000,29205.61
68,201911,11,2019,190.3,5000000,26274.3
68,201910,10,2019,160.0,5000000,31250.0
69,202012,12,2020,142.3,7500000,52705.55
69,202011,11,2020,159.6,7500000,46992.48
69,202010,10,2020,181.9,7500000,41231.45
69,202009,9,2020,192.4,7500000,38981.29
69,202008,8,2020,170.8,7500000,43911.01
69,202007,7,2020,215.0,7500000,34883.72
69,202006,6,2020,149.8,7500000,50066.76
69,202005,5,2020,153.2,7500000,48955.61
69,202004,4,2020,132.6,7500000,56561.09
69,202003,3,2020,200.7,7500000,37369.21
69,202002,2,2020,178.7,7500000,41969.78
69,202001,1,2020,152.9,7500000,49051.67
69,201912,12,2019,172.5,7500000,43478.26
69,201911,11,2019,201.8,7500000,37165.51
69,201910,10,2019,141.9,7500000,52854.12
70,202012,12,2020,90.9,8500000,93509.35
70,202011,11,2020,187.3,8500000,45381.74
70,202010,10,2020,172.9,8500000,49161.37
70,202009,9,2020,191.4,8500000,44409.61
70,202008,8,2020,165.6,8500000,51328.5
70,202007,7,2020,200.0,8500000,42500.0
70,202006,6,2020,182.3,8500000,46626.44
70,202005,5,2020,126.5,8500000,67193.68
70,202004,4,2020,184.7,8500000,46020.57
70,202003,3,2020,186.9,8500000,45478.87
70,202002,2,2020,177.3,8500000,47941.34
70,202001,1,2020,181.4,8500000,46857.77
70,201912,12,2019,146.9,8500000,57862.49
70,201911,11,2019,181.0,8500000,46961.33
70,201910,10,2019,143.6,8500000,59192.2
71,202012,12,2020,70.7,14000000,198019.8
71,202011,11,2020,154.4,14000000,90673.58
71,202010,10,2020,181.7,14000000,77050.08
71,202009,9,2020,207.8,14000000,67372.47
71,202008,8,2020,181.5,14000000,77134.99
71,202007,7,2020,222.9,14000000,62808.43
71,202006,6,2020,205.1,14000000,68259.39
71,202005,5,2020,164.1,14000000,85313.83
71,202004,4,2020,200.8,14000000,69721.12
71,202003,3,2020,211.1,14000000,66319.28
71,202002,2,2020,199.9,14000000,70035.02
71,202001,1,2020,155.5,14000000,90032.15
71,201912,12,2019,166.3,14000000,84185.21
71,201911,11,2019,223.1,14000000,62752.13
71,201910,10,2019,224.6,14000000,62333.04
71,201909,9,2019,38.4,14000000,364583.33
73,201912,12,2019,138.7,12000000,86517.66
73,201911,11,2019,172.8,12000000,69444.44
73,201910,10,2019,197.5,12000000,60759.49
73,201909,9,2019,29.0,12000000,413793.1
74,202012,12,2020,36.1,6000000,166204.99
74,202011,11,2020,123.7,6000000,48504.45
74,202010,10,2020,186.3,6000000,32206.12
74,202009,9,2020,171.2,6000000,35046.73
74,202008,8,2020,192.0,6000000,31250.0
74,202007,7,2020,176.2,6000000,34052.21
74,202006,6,2020,199.1,6000000,30135.61
74,202005,5,2020,198.5,6000000,30226.7
74,202004,4,2020,198.9,6000000,30165.91
74,202003,3,2020,226.4,6000000,26501.77
74,202002,2,2020,189.0,6000000,31746.03
74,202001,1,2020,206.5,6000000,29055.69
74,201912,12,2019,160.8,6000000,37313.43
74,201911,11,2019,170.9,6000000,35108.25
74,201910,10,2019,203.3,6000000,29513.03
74,201909,9,2019,27.3,6000000,219780.22
75,201912,12,2019,165.0,12000000,72727.27
75,201911,11,2019,158.3,12000000,75805.43
75,201910,10,2019,197.5,12000000,60759.49
75,201909,9,2019,36.5,12000000,328767.12
76,202012,12,2020,58.2,7000000,120274.91
76,202011,11,2020,126.5,7000000,55335.97
76,202010,10,2020,185.6,7000000,37715.52
76,202009,9,2020,174.0,7000000,40229.89
76,202008,8,2020,159.1,7000000,43997.49
76,202007,7,2020,203.2,7000000,34448.82
76,202006,6,2020,194.6,7000000,35971.22
76,202005,5,2020,186.1,7000000,37614.19
76,202004,4,2020,185.2,7000000,37796.98
76,202003,3,2020,191.0,7000000,36649.21
76,202002,2,2020,181.3,7000000,38610.04
76,202001,1,2020,186.8,7000000,37473.23
76,201912,12,2019,188.1,7000000,37214.25
76,201911,11,2019,158.9,7000000,44052.86
76,201910,10,2019,187.6,7000000,37313.43
76,201909,9,2019,28.4,7000000,246478.87
77,202012,12,2020,60.2,11000000,182724.25
77,202011,11,2020,102.3,11000000,107526.88
77,202010,10,2020,180.4,11000000,60975.61
77,202009,9,2020,180.9,11000000,60807.08
77,202008,8,2020,190.8,11000000,57651.99
77,202007,7,2020,185.7,11000000,59235.33
77,202006,6,2020,206.7,11000000,53217.22
77,202005,5,2020,199.6,11000000,55110.22
77,202004,4,2020,187.2,11000000,58760.68
77,202003,3,2020,221.9,11000000,49571.88
77,202002,2,2020,190.2,11000000,57833.86
77,202001,1,2020,203.6,11000000,54027.5
77,201912,12,2019,183.7,11000000,59880.24
77,201911,11,2019,171.8,11000000,64027.94
77,201910,10,2019,148.8,11000000,73924.73
77,201909,9,2019,24.7,11000000,445344.13
78,202012,12,2020,62.3,12000000,192616.37
78,202011,11,2020,134.6,12000000,89153.05
78,202010,10,2020,173.6,12000000,69124.42
78,202009,9,2020,160.8,12000000,74626.87
78,202008,8,2020,155.7,12000000,77071.29
78,202007,7,2020,180.5,12000000,66481.99
78,202006,6,2020,181.9,12000000,65970.31
78,202005,5,2020,175.7,12000000,68298.24
78,202004,4,2020,177.1,12000000,67758.33
78,202003,3,2020,179.4,12000000,66889.63
78,202002,2,2020,165.2,12000000,72639.23
78,202001,1,2020,188.9,12000000,63525.68
78,201912,12,2019,171.2,12000000,70093.46
78,201911,11,2019,164.6,12000000,72904.01
78,201910,10,2019,141.1,12000000,85046.07
78,201909,9,2019,28.5,12000000,421052.63
80,202012,12,2020,49.2,13500000,274390.24
80,202011,11,2020,114.0,13500000,118421.05
80,202010,10,2020,182.7,13500000,73891.63
80,202009,9,2020,163.3,13500000,82669.93
80,202008,8,2020,170.4,13500000,79225.35
80,202007,7,2020,188.5,13500000,71618.04
80,202006,6,2020,184.3,13500000,73250.14
80,202005,5,2020,198.1,13500000,68147.4
80,202004,4,2020,163.5,13500000,82568.81
80,202003,3,2020,185.4,13500000,72815.53
80,202002,2,2020,191.9,13500000,70349.14
80,202001,1,2020,197.2,13500000,68458.42
80,201912,12,2019,122.8,13500000,109934.85
80,201911,11,2019,125.0,13500000,108000.0
80,201910,10,2019,164.9,13500000,81867.8
80,201909,9,2019,23.9,13500000,564853.56
81,202012,12,2020,59.4,8000000,134680.13
81,202011,11,2020,78.2,8000000,102301.79
81,202010,10,2020,173.4,8000000,46136.1
81,202009,9,2020,172.4,8000000,46403.71
81,202008,8,2020,180.4,8000000,44345.9
81,202007,7,2020,184.0,8000000,43478.26
81,202006,6,2020,207.0,8000000,38647.34
81,202005,5,2020,193.1,8000000,41429.31
81,202004,4,2020,185.2,8000000,43196.54
81,202003,3,2020,210.1,8000000,38077.11
81,202002,2,2020,188.2,8000000,42507.97
81,202001,1,2020,203.3,8000000,39350.71
81,201912,12,2019,181.2,8000000,44150.11
81,201911,11,2019,162.6,8000000,49200.49
81,201910,10,2019,177.9,8000000,44969.08
81,201909,9,2019,15.5,8000000,516129.03
82,202005,5,2020,87.8,14500000,165148.06
82,202004,4,2020,189.0,14500000,76719.58
82,202003,3,2020,181.1,14500000,80066.26
82,202002,2,2020,170.9,14500000,84844.94
82,202001,1,2020,185.9,14500000,77998.92
82,201912,12,2019,184.4,14500000,78633.41
82,201911,11,2019,168.8,14500000,85900.47
82,201910,10,2019,169.3,14500000,85646.78
82,201909,9,2019,30.2,14500000,480132.45
83,202012,12,2020,67.1,11500000,171385.99
83,202011,11,2020,90.4,11500000,127212.39
83,202010,10,2020,185.4,11500000,62028.05
83,202009,9,2020,174.6,11500000,65864.83
83,202008,8,2020,185.6,11500000,61961.21
83,202007,7,2020,202.8,11500000,56706.11
83,202006,6,2020,199.8,11500000,57557.56
83,202005,5,2020,211.8,11500000,54296.51
83,202004,4,2020,227.6,11500000,50527.24
83,202003,3,2020,207.1,11500000,55528.73
83,202002,2,2020,179.9,11500000,63924.4
83,202001,1,2020,184.4,11500000,62364.43
83,201912,12,2019,173.0,11500000,66473.99
83,201911,11,2019,172.8,11500000,66550.93
83,201910,10,2019,195.3,11500000,58883.77
83,201909,9,2019,34.0,11500000,338235.29
84,202012,12,2020,68.3,11000000,161054.17
84,202011,11,2020,119.3,11000000,92204.53
84,202010,10,2020,172.0,11000000,63953.49
84,202009,9,2020,186.1,11000000,59108.01
84,202008,8,2020,169.0,11000000,65088.76
84,202007,7,2020,180.0,11000000,61111.11
84,202006,6,2020,187.5,11000000,58666.67
84,202005,5,2020,151.9,11000000,72416.06
84,202004,4,2020,188.3,11000000,58417.42
84,202003,3,2020,171.2,11000000,64252.34
84,202002,2,2020,185.2,11000000,59395.25
84,202001,1,2020,156.6,11000000,70242.66
84,201912,12,2019,144.2,11000000,76282.94
84,201911,11,2019,152.1,11000000,72320.84
84,201910,10,2019,128.7,11000000,85470.09
84,201909,9,2019,29.6,11000000,371621.62
85,202012,12,2020,58.4,12000000,205479.45
85,202011,11,2020,123.4,12000000,97244.73
85,202010,10,2020,200.9,12000000,59731.21
85,202009,9,2020,168.6,12000000,71174.38
85,202008,8,2020,192.7,12000000,62272.96
85,202007,7,2020,182.4,12000000,65789.47
85,202006,6,2020,133.9,12000000,89619.12
85,202005,5,2020,161.8,12000000,74165.64
85,202004,4,2020,194.6,12000000,61664.95
85,202003,3,2020,201.7,12000000,59494.3
85,202002,2,2020,194.7,12000000,61633.28
85,202001,1,2020,188.8,12000000,63559.32
85,201912,12,2019,141.0,12000000,85106.38
85,201911,11,2019,132.5,12000000,90566.04
85,201910,10,2019,139.3,12000000,86145.01
85,201909,9,2019,30.5,12000000,393442.62
86,202012,12,2020,42.9,13000000,303030.3
86,202011,11,2020,111.6,13000000,116487.46
86,202010,10,2020,191.4,13000000,67920.59
86,202009,9,2020,181.9,13000000,71467.84
86,202008,8,2020,172.0,13000000,75581.4
86,202007,7,2020,181.2,13000000,71743.93
86,202006,6,2020,183.4,13000000,70883.32
86,202005,5,2020,164.9,13000000,78835.66
86,202004,4,2020,187.6,13000000,69296.38
86,202003,3,2020,205.9,13000000,63137.45
86,202002,2,2020,187.7,13000000,69259.46
86,202001,1,2020,163.3,13000000,79608.08
86,201912,12,2019,136.4,13000000,95307.92
86,201911,11,2019,121.9,13000000,106644.79
86,201910,10,2019,125.0,13000000,104000.0
86,201909,9,2019,30.3,13000000,429042.9
87,201910,10,2019,7.1,6000000,845070.42
87,201909,9,2019,21.0,6000000,285714.29
88,202012,12,2020,65.2,10500000,161042.94
88,202011,11,2020,108.3,10500000,96952.91
88,202010,10,2020,193.5,10500000,54263.57
88,202009,9,2020,185.6,10500000,56573.28
88,202008,8,2020,163.3,10500000,64298.84
88,202007,7,2020,178.4,10500000,58856.5
88,202006,6,2020,171.0,10500000,61403.51
88,202005,5,2020,143.8,10500000,73018.08
88,202004,4,2020,196.2,10500000,53516.82
88,202003,3,2020,177.2,10500000,59255.08
88,202002,2,2020,170.5,10500000,61583.58
88,202001,1,2020,172.8,10500000,60763.89
88,201912,12,2019,148.9,10500000,70517.13
88,201911,11,2019,153.2,10500000,68537.86
88,201910,10,2019,162.1,10500000,64774.83
88,201909,9,2019,1.7,10500000,6176470.59
89,202011,11,2020,91.3,6500000,71193.87
89,202010,10,2020,185.2,6500000,35097.19
89,202009,9,2020,181.3,6500000,35852.18
89,202008,8,2020,118.3,6500000,54945.05
89,202007,7,2020,185.5,6500000,35040.43
89,202006,6,2020,183.1,6500000,35499.73
89,202005,5,2020,134.8,6500000,48219.58
89,202004,4,2020,173.1,6500000,37550.55
89,202003,3,2020,188.5,6500000,34482.76
89,202002,2,2020,179.9,6500000,36131.18
89,202001,1,2020,178.0,6500000,36516.85
89,201912,12,2019,146.5,6500000,44368.6
89,201911,11,2019,176.7,6500000,36785.51
89,201910,10,2019,188.0,6500000,34574.47
89,201909,9,2019,7.0,6500000,928571.43
90,201912,12,2019,121.9,12500000,102543.07
90,201911,11,2019,183.3,12500000,68194.22
90,201910,10,2019,189.5,12500000,65963.06
90,201909,9,2019,13.7,12500000,912408.76
91,202005,5,2020,105.1,10000000,95147.48
91,202004,4,2020,168.0,10000000,59523.81
91,202003,3,2020,165.1,10000000,60569.35
91,202002,2,2020,183.3,10000000,54555.37
91,202001,1,2020,218.2,10000000,45829.51
91,201912,12,2019,181.8,10000000,55005.5
91,201911,11,2019,167.9,10000000,59559.26
91,201910,10,2019,180.8,10000000,55309.73
91,201909,9,2019,29.9,10000000,334448.16
92,202012,12,2020,33.4,12000000,359281.44
92,202011,11,2020,124.9,12000000,96076.86
92,202010,10,2020,166.2,12000000,72202.17
92,202009,9,2020,185.4,12000000,64724.92
92,202008,8,2020,186.6,12000000,64308.68
92,202007,7,2020,185.8,12000000,64585.58
92,202006,6,2020,198.9,12000000,60331.83
92,202005,5,2020,196.4,12000000,61099.8
92,202004,4,2020,212.5,12000000,56470.59
92,202003,3,2020,193.6,12000000,61983.47
92,202002,2,2020,187.5,12000000,64000.0
92,202001,1,2020,166.7,12000000,71985.6
92,201912,12,2019,176.4,12000000,68027.21
92,201911,11,2019,187.5,12000000,64000.0
92,201910,10,2019,186.5,12000000,64343.16
92,201909,9,2019,30.5,12000000,393442.62
93,202012,12,2020,81.3,7000000,86100.86
93,202011,11,2020,126.7,7000000,55248.62
93,202010,10,2020,198.0,7000000,35353.54
93,202009,9,2020,198.7,7000000,35228.99
93,202008,8,2020,173.7,7000000,40299.37
93,202005,5,2020,112.2,7000000,62388.59
93,202004,4,2020,197.8,7000000,35389.28
93,202003,3,2020,186.6,7000000,37513.4
93,202002,2,2020,184.1,7000000,38022.81
93,202001,1,2020,126.6,7000000,55292.26
93,201912,12,2019,183.8,7000000,38084.87
93,201911,11,2019,170.6,7000000,41031.65
93,201910,10,2019,166.0,7000000,42168.67
93,201909,9,2019,26.4,7000000,265151.52
94,202012,12,2020,49.8,8500000,170682.73
94,202011,11,2020,97.4,8500000,87268.99
94,202010,10,2020,202.6,8500000,41954.59
94,202009,9,2020,183.4,8500000,46346.78
94,202008,8,2020,149.3,8500000,56932.35
94,202007,7,2020,187.5,8500000,45333.33
94,202006,6,2020,188.2,8500000,45164.72
94,202005,5,2020,190.1,8500000,44713.31
94,202004,4,2020,206.5,8500000,41162.23
94,202003,3,2020,191.2,8500000,44456.07
94,202002,2,2020,177.2,8500000,47968.4
94,202001,1,2020,178.2,8500000,47699.21
94,201912,12,2019,157.9,8500000,53831.54
94,201911,11,2019,177.6,8500000,47860.36
94,201910,10,2019,192.7,8500000,44110.02
94,201909,9,2019,21.1,8500000,402843.6
95,202012,12,2020,59.3,12500000,210792.58
95,202011,11,2020,105.9,12500000,118035.88
95,202010,10,2020,186.9,12500000,66880.68
95,202009,9,2020,164.2,12500000,76126.67
95,202008,8,2020,178.2,12500000,70145.9
95,202007,7,2020,176.3,12500000,70901.87
95,202006,6,2020,206.0,12500000,60679.61
95,202005,5,2020,181.9,12500000,68719.08
95,202004,4,2020,206.5,12500000,60532.69
95,202003,3,2020,192.5,12500000,64935.06
95,202002,2,2020,178.1,12500000,70185.29
95,202001,1,2020,179.0,12500000,69832.4
95,201912,12,2019,160.1,12500000,78076.2
95,201911,11,2019,174.4,12500000,71674.31
95,201910,10,2019,178.0,12500000,70224.72
95,201909,9,2019,30.2,12500000,413907.28
96,202012,12,2020,43.7,12500000,286041.19
96,202011,11,2020,97.8,12500000,127811.86
96,202010,10,2020,188.4,12500000,66348.2
96,202009,9,2020,185.6,12500000,67349.14
96,202008,8,2020,175.4,12500000,71265.68
96,202007,7,2020,169.6,12500000,73702.83
96,202006,6,2020,174.8,12500000,71510.3
96,202005,5,2020,199.5,12500000,62656.64
96,202004,4,2020,216.3,12500000,57790.11
96,202003,3,2020,183.8,12500000,68008.71
96,202002,2,2020,179.8,12500000,69521.69
96,202001,1,2020,175.3,12500000,71306.33
96,201912,12,2019,173.9,12500000,71880.39
96,201911,11,2019,157.2,12500000,79516.54
96,201910,10,2019,204.1,12500000,61244.49
96,201909,9,2019,29.0,12500000,431034.48
97,202012,12,2020,55.6,12000000,215827.34
97,202011,11,2020,111.8,12000000,107334.53
97,202010,10,2020,201.7,12000000,59494.3
97,202009,9,2020,179.7,12000000,66777.96
97,202008,8,2020,191.9,12000000,62532.57
97,202007,7,2020,190.8,12000000,62893.08
97,202006,6,2020,190.1,12000000,63124.67
97,202005,5,2020,172.5,12000000,69565.22
97,202004,4,2020,191.2,12000000,62761.51
97,202003,3,2020,209.6,12000000,57251.91
97,202002,2,2020,167.4,12000000,71684.59
97,202001,1,2020,194.5,12000000,61696.66
97,201912,12,2019,182.4,12000000,65789.47
97,201911,11,2019,164.6,12000000,72904.01
97,201910,10,2019,193.4,12000000,62047.57
97,201909,9,2019,36.5,12000000,328767.12
98,202012,12,2020,73.6,14500000,197010.87
98,202011,11,2020,143.9,14500000,100764.42
98,202010,10,2020,192.2,14500000,75442.25
98,202009,9,2020,192.2,14500000,75442.25
98,202008,8,2020,170.5,14500000,85043.99
98,202007,7,2020,187.7,14500000,77250.93
98,202006,6,2020,202.9,14500000,71463.78
98,202005,5,2020,177.4,14500000,81736.19
98,202004,4,2020,214.3,14500000,67662.16
98,202003,3,2020,211.3,14500000,68622.81
98,202002,2,2020,171.7,14500000,84449.62
98,202001,1,2020,168.7,14500000,85951.39
98,201912,12,2019,193.1,14500000,75090.63
98,201911,11,2019,174.0,14500000,83333.33
98,201910,10,2019,208.4,14500000,69577.74
98,201909,9,2019,39.6,14500000,366161.62
99,202012,12,2020,42.0,9500000,226190.48
99,202011,11,2020,136.3,9500000,69699.19
99,202010,10,2020,143.2,9500000,66340.78
99,202009,9,2020,175.7,9500000,54069.44
99,202008,8,2020,191.6,9500000,49582.46
99,202007,7,2020,160.4,9500000,59226.93
99,202006,6,2020,172.9,9500000,54945.05
99,202005,5,2020,177.9,9500000,53400.79
99,202004,4,2020,198.3,9500000,47907.21
99,202003,3,2020,191.8,9500000,49530.76
99,202002,2,2020,151.2,9500000,62830.69
99,202001,1,2020,192.8,9500000,49273.86
99,201912,12,2019,159.5,9500000,59561.13
99,201911,11,2019,162.6,9500000,58425.58
99,201910,10,2019,197.8,9500000,48028.31
99,201909,9,2019,37.1,9500000,256064.69
100,202012,12,2020,48.4,9000000,185950.41
100,202011,11,2020,116.2,9000000,77452.67
100,202010,10,2020,195.9,9000000,45941.81
100,202009,9,2020,184.9,9000000,48674.96
100,202008,8,2020,156.6,9000000,57471.26
100,202007,7,2020,193.6,9000000,46487.6
100,202006,6,2020,195.6,9000000,46012.27
100,202005,5,2020,187.1,9000000,48102.62
100,202004,4,2020,190.7,9000000,47194.55
100,202003,3,2020,202.0,9000000,44554.46
100,202002,2,2020,186.9,9000000,48154.09
100,202001,1,2020,187.7,9000000,47948.85
100,201912,12,2019,181.4,9000000,49614.11
100,201911,11,2019,191.2,9000000,47071.13
100,201910,10,2019,207.8,9000000,43310.88
100,201909,9,2019,32.1,9000000,280373.83
101,202011,11,2020,108.4,10000000,92250.92
101,202010,10,2020,180.5,10000000,55401.66
101,202009,9,2020,190.0,10000000,52631.58
101,202008,8,2020,181.3,10000000,55157.2
101,202007,7,2020,185.0,10000000,54054.05
101,202006,6,2020,184.5,10000000,54200.54
101,202005,5,2020,197.9,10000000,50530.57
101,202004,4,2020,197.5,10000000,50632.91
101,202003,3,2020,202.7,10000000,49333.99
101,202002,2,2020,183.5,10000000,54495.91
101,202001,1,2020,190.0,10000000,52631.58
101,201912,12,2019,163.7,10000000,61087.35
101,201911,11,2019,180.7,10000000,55340.34
101,201910,10,2019,162.4,10000000,61576.35
101,201909,9,2019,36.6,10000000,273224.04
102,202012,12,2020,50.9,6000000,117878.19
102,202011,11,2020,123.5,6000000,48583.0
102,202010,10,2020,192.7,6000000,31136.48
102,202009,9,2020,188.6,6000000,31813.36
102,202008,8,2020,181.2,6000000,33112.58
102,202007,7,2020,169.4,6000000,35419.13
102,202006,6,2020,191.2,6000000,31380.75
102,202005,5,2020,164.6,6000000,36452.0
102,202004,4,2020,188.4,6000000,31847.13
102,202003,3,2020,199.8,6000000,30030.03
102,202002,2,2020,173.7,6000000,34542.31
102,202001,1,2020,216.0,6000000,27777.78
102,201912,12,2019,192.0,6000000,31250.0
102,201911,11,2019,174.6,6000000,34364.26
102,201910,10,2019,204.0,6000000,29411.76
102,201909,9,2019,33.1,6000000,181268.88
103,202012,12,2020,49.5,9500000,191919.19
103,202011,11,2020,124.2,9500000,76489.53
103,202010,10,2020,159.8,9500000,59449.31
103,202009,9,2020,176.0,9500000,53977.27
103,202008,8,2020,177.3,9500000,53581.5
103,202007,7,2020,177.9,9500000,53400.79
103,202006,6,2020,190.8,9500000,49790.36
103,202005,5,2020,174.0,9500000,54597.7
103,202004,4,2020,178.6,9500000,53191.49
103,202003,3,2020,165.1,9500000,57540.88
103,202002,2,2020,173.8,9500000,54660.53
103,202001,1,2020,203.5,9500000,46683.05
103,201912,12,2019,178.8,9500000,53131.99
103,201911,11,2019,233.9,9500000,40615.65
103,201910,10,2019,205.0,9500000,46341.46
103,201909,9,2019,31.8,9500000,298742.14
104,202012,12,2020,68.8,6500000,94476.74
104,202011,11,2020,122.0,6500000,53278.69
104,202010,10,2020,197.1,6500000,32978.18
104,202009,9,2020,170.3,6500000,38167.94
104,202008,8,2020,201.6,6500000,32242.06
104,202007,7,2020,183.3,6500000,35460.99
104,202006,6,2020,206.0,6500000,31553.4
104,202005,5,2020,195.5,6500000,33248.08
104,202004,4,2020,202.7,6500000,32067.09
104,202003,3,2020,198.5,6500000,32745.59
104,202002,2,2020,186.0,6500000,34946.24
104,202001,1,2020,210.8,6500000,30834.91
104,201912,12,2019,173.3,6500000,37507.21
104,201911,11,2019,187.1,6500000,34740.78
104,201910,10,2019,173.6,6500000,37442.4
104,201909,9,2019,37.3,6500000,174262.73
105,202012,12,2020,66.0,7000000,106060.61
105,202011,11,2020,123.1,7000000,56864.34
105,202010,10,2020,205.8,7000000,34013.61
105,202009,9,2020,182.9,7000000,38272.28
105,202008,8,2020,199.1,7000000,35158.21
105,202007,7,2020,194.7,7000000,35952.75
105,202006,6,2020,185.9,7000000,37654.65
105,202005,5,2020,179.2,7000000,39062.5
105,202004,4,2020,185.3,7000000,37776.58
105,202003,3,2020,190.5,7000000,36745.41
105,202002,2,2020,163.5,7000000,42813.46
105,202001,1,2020,214.4,7000000,32649.25
105,201912,12,2019,178.6,7000000,39193.73
105,201911,11,2019,180.3,7000000,38824.18
105,201910,10,2019,183.4,7000000,38167.94
105,201909,9,2019,36.3,7000000,192837.47
9876,202012,12,2020,119.0,5000000,42016.81
9876,202011,11,2020,191.0,5000000,26178.01
9876,202010,10,2020,174.0,5000000,28735.63
9876,202009,9,2020,202.0,5000000,24752.48
9876,202008,8,2020,164.0,5000000,30487.8
9876,202007,7,2020,200.0,5000000,25000.0
9876,202006,6,2020,190.0,5000000,26315.79
9876,202005,5,2020,151.7,5000000,32959.79
9876,202004,4,2020,200.5,5000000,24937.66
9876,202003,3,2020,188.9,5000000,26469.03
9876,202002,2,2020,153.6,5000000,32552.08
9876,202001,1,2020,184.8,5000000,27056.28
9876,201912,12,2019,150.4,5000000,33244.68
9876,201911,11,2019,193.8,5000000,25799.79
9876,201910,10,2019,221.8,5000000,22542.83
9876,201909,9,2019,48.1,5000000,103950.1
9895,202012,12,2020,99.0,7000000,70707.07
9895,202011,11,2020,189.0,7000000,37037.04
9895,202010,10,2020,147.0,7000000,47619.05
9895,202009,9,2020,186.0,7000000,37634.41
9895,202008,8,2020,153.0,7000000,45751.63
9895,202007,7,2020,198.0,7000000,35353.54
9895,202006,6,2020,189.1,7000000,37017.45
9895,202005,5,2020,152.3,7000000,45961.92
9895,202004,4,2020,211.3,7000000,33128.25
9895,202003,3,2020,190.3,7000000,36784.03
9895,202002,2,2020,140.5,7000000,49822.06
9895,202001,1,2020,195.2,7000000,35860.66
9895,201912,12,2019,185.8,7000000,37674.92
9895,201911,11,2019,157.4,7000000,44472.68
9895,201910,10,2019,169.3,7000000,41346.72
9896,202012,12,2020,120.0,6000000,50000.0
9896,202011,11,2020,174.0,6000000,34482.76
9896,202010,10,2020,171.0,6000000,35087.72
9896,202009,9,2020,198.0,6000000,30303.03
9896,202008,8,2020,162.0,6000000,37037.04
9896,202007,7,2020,198.0,6000000,30303.03
9896,202006,6,2020,189.0,6000000,31746.03
9896,202005,5,2020,123.7,6000000,48504.45
9896,202004,4,2020,243.0,6000000,24691.36
9896,202003,3,2020,191.4,6000000,31347.96
9896,202002,2,2020,178.4,6000000,33632.29
9896,202001,1,2020,201.3,6000000,29806.26
9896,201912,12,2019,155.3,6000000,38634.9
9896,201911,11,2019,196.5,6000000,30534.35
9896,201910,10,2019,218.6,6000000,27447.39
9896,201909,9,2019,59.3,6000000,101180.44
9897,202002,2,2020,49.3,10000000,202839.76
9897,202001,1,2020,194.6,10000000,51387.46
9897,201912,12,2019,169.8,10000000,58892.82
9897,201911,11,2019,161.2,10000000,62034.74
9897,201910,10,2019,152.3,10000000,65659.88
9897,201909,9,2019,28.9,10000000,346020.76
9898,202012,12,2020,108.0,11000000,101851.85
9898,202011,11,2020,189.0,11000000,58201.06
9898,202010,10,2020,162.0,11000000,67901.23
9898,202009,9,2020,198.0,11000000,55555.56
9898,202008,8,2020,171.0,11000000,64327.49
9898,202007,7,2020,198.0,11000000,55555.56
9898,202006,6,2020,195.0,11000000,56410.26
9898,202005,5,2020,191.5,11000000,57441.25
9898,202004,4,2020,197.0,11000000,55837.56
9898,202003,3,2020,198.6,11000000,55387.71
9898,202002,2,2020,178.6,11000000,61590.15
9898,202001,1,2020,212.1,11000000,51862.33
9898,201912,12,2019,191.7,11000000,57381.33
9898,201911,11,2019,185.9,11000000,59171.6
9898,201910,10,2019,161.9,11000000,67943.17
9898,201909,9,2019,26.1,11000000,421455.94
9899,202012,12,2020,124.6,6000000,48154.09
9899,202011,11,2020,198.7,6000000,30196.28
9899,202010,10,2020,174.1,6000000,34462.95
9899,202009,9,2020,168.4,6000000,35629.45
9899,202008,8,2020,165.4,6000000,36275.7
9899,202007,7,2020,193.1,6000000,31071.98
9899,202006,6,2020,197.9,6000000,30318.34
9899,202005,5,2020,135.6,6000000,44247.79
9899,202004,4,2020,180.9,6000000,33167.5
9899,202003,3,2020,192.0,6000000,31250.0
9899,202002,2,2020,181.3,6000000,33094.32
9899,202001,1,2020,196.0,6000000,30612.24
9899,201912,12,2019,185.8,6000000,32292.79
9899,201911,11,2019,166.5,6000000,36036.04
9899,201910,10,2019,162.1,6000000,37014.19
9899,201909,9,2019,,6000000,
9900,202012,12,2020,118.5,8000000,67510.55
9900,202011,11,2020,192.3,8000000,41601.66
9900,202010,10,2020,173.3,8000000,46162.72
9900,202009,9,2020,200.2,8000000,39960.04
9900,202008,8,2020,163.0,8000000,49079.75
9900,202007,7,2020,202.8,8000000,39447.73
9900,202006,6,2020,199.4,8000000,40120.36
9900,202005,5,2020,148.8,8000000,53763.44
9900,202004,4,2020,194.2,8000000,41194.64
9900,202003,3,2020,197.9,8000000,40424.46
9900,202002,2,2020,160.2,8000000,49937.58
9900,202001,1,2020,189.0,8000000,42328.04
9900,201912,12,2019,164.8,8000000,48543.69
9900,201911,11,2019,172.9,8000000,46269.52
9900,201910,10,2019,202.8,8000000,39447.73
9900,201909,9,2019,44.8,8000000,178571.43
9901,202002,2,2020,114.7,10500000,91543.16
9901,202001,1,2020,172.3,10500000,60940.22
9901,201912,12,2019,125.5,10500000,83665.34
9901,201911,11,2019,166.9,10500000,62911.92
9901,201910,10,2019,160.3,10500000,65502.18
9901,201909,9,2019,,10500000,
9902,202012,12,2020,50.3,12500000,248508.95
9902,202011,11,2020,122.7,12500000,101874.49
9902,202010,10,2020,173.5,12500000,72046.11
9902,202009,9,2020,168.2,12500000,74316.29
9902,202008,8,2020,198.0,12500000,63131.31
9902,202007,7,2020,199.8,12500000,62562.56
9902,202006,6,2020,188.9,12500000,66172.58
9902,202005,5,2020,185.6,12500000,67349.14
9902,202004,4,2020,162.8,12500000,76781.33
9902,202003,3,2020,217.5,12500000,57471.26
9902,202002,2,2020,170.9,12500000,73142.19
9902,202001,1,2020,192.3,12500000,65002.6
9902,201912,12,2019,224.7,12500000,55629.73
9902,201911,11,2019,213.5,12500000,58548.01
9902,201910,10,2019,149.7,12500000,83500.33
9908,202012,12,2020,102.3,10000000,97751.71
9908,202011,11,2020,184.8,10000000,54112.55
9908,202010,10,2020,172.4,10000000,58004.64
9908,202009,9,2020,201.3,10000000,49677.1
9908,202008,8,2020,168.6,10000000,59311.98
9908,202007,7,2020,192.4,10000000,51975.05
9908,202006,6,2020,193.2,10000000,51759.83
9908,202005,5,2020,127.3,10000000,78554.6
9908,202004,4,2020,182.7,10000000,54734.54
9908,202003,3,2020,178.8,10000000,55928.41
9908,202002,2,2020,185.7,10000000,53850.3
9908,202001,1,2020,194.3,10000000,51466.8
9908,201912,12,2019,169.7,10000000,58927.52
9908,201911,11,2019,174.2,10000000,57405.28
9908,201910,10,2019,151.5,10000000,66006.6
15132,202012,12,2020,108.0,9000000,83333.33
15132,202011,11,2020,180.0,9000000,50000.0
15132,202010,10,2020,162.0,9000000,55555.56
15132,202009,9,2020,189.0,9000000,47619.05
15132,202008,8,2020,153.0,9000000,58823.53
15132,202007,7,2020,198.0,9000000,45454.55
15132,202006,6,2020,189.0,9000000,47619.05
15132,202005,5,2020,144.0,9000000,62500.0
15132,202004,4,2020,189.0,9000000,47619.05
15132,202003,3,2020,172.5,9000000,52173.91
15132,202002,2,2020,166.0,9000000,54216.87
15132,202001,1,2020,171.1,9000000,52600.82
15132,201912,12,2019,174.4,9000000,51605.5
15132,201911,11,2019,190.4,9000000,47268.91
15132,201910,10,2019,171.2,9000000,52570.09
15142,202012,12,2020,126.0,11500000,91269.84
15142,202011,11,2020,180.0,11500000,63888.89
15142,202010,10,2020,171.0,11500000,67251.46
15142,202009,9,2020,198.0,11500000,58080.81
15142,202008,8,2020,162.0,11500000,70987.65
15142,202007,7,2020,198.0,11500000,58080.81
15142,202006,6,2020,189.0,11500000,60846.56
15142,202005,5,2020,147.5,11500000,77966.1
15142,202004,4,2020,177.0,11500000,64971.75
15142,202003,3,2020,179.1,11500000,64209.94
15142,202002,2,2020,185.7,11500000,61927.84
15142,202001,1,2020,164.6,11500000,69866.34
15142,201912,12,2019,185.3,11500000,62061.52
15142,201911,11,2019,192.1,11500000,59864.65
15142,201910,10,2019,162.8,11500000,70638.82
15142,201909,9,2019,,11500000,
15729,202012,12,2020,57.6,5500000,95486.11
15729,202011,11,2020,143.9,5500000,38220.99
15729,202010,10,2020,178.2,5500000,30864.2
15729,202009,9,2020,199.8,5500000,27527.53
15729,202008,8,2020,158.6,5500000,34678.44
15729,202007,7,2020,196.2,5500000,28032.62
15729,202006,6,2020,195.7,5500000,28104.24
15729,202005,5,2020,150.7,5500000,36496.35
15729,202004,4,2020,196.0,5500000,28061.22
15729,202003,3,2020,154.3,5500000,35644.85
15729,202002,2,2020,168.2,5500000,32699.17
15729,202001,1,2020,206.6,5500000,26621.49
15729,201912,12,2019,186.0,5500000,29569.89
15729,201911,11,2019,209.6,5500000,26240.46
15729,201910,10,2019,62.1,5500000,88566.83
15731,202012,12,2020,34.6,10000000,289017.34
15731,202011,11,2020,143.5,10000000,69686.41
15731,202010,10,2020,229.0,10000000,43668.12
15731,202009,9,2020,216.8,10000000,46125.46
15731,202008,8,2020,228.8,10000000,43706.29
15731,202007,7,2020,241.9,10000000,41339.4
15731,202006,6,2020,203.6,10000000,49115.91
15731,202005,5,2020,148.0,10000000,67567.57
15731,202004,4,2020,183.4,10000000,54525.63
15731,202003,3,2020,220.8,10000000,45289.86
15731,202002,2,2020,202.1,10000000,49480.46
15731,202001,1,2020,236.6,10000000,42265.43
15731,201912,12,2019,223.4,10000000,44762.76
15731,201911,11,2019,168.2,10000000,59453.03
15731,201910,10,2019,73.5,10000000,136054.42
15735,202012,12,2020,79.6,6000000,75376.88
15735,202011,11,2020,132.6,6000000,45248.87
15735,202010,10,2020,238.9,6000000,25115.11
15735,202009,9,2020,231.8,6000000,25884.38
15735,202008,8,2020,183.7,6000000,32661.95
15735,202007,7,2020,227.3,6000000,26396.83
15735,202006,6,2020,217.8,6000000,27548.21
15735,202005,5,2020,173.1,6000000,34662.05
15735,202004,4,2020,219.0,6000000,27397.26
15735,202003,3,2020,215.0,6000000,27906.98
15735,202002,2,2020,220.5,6000000,27210.88
15735,202001,1,2020,223.1,6000000,26893.77
15735,201912,12,2019,230.5,6000000,26030.37
15735,201911,11,2019,252.0,6000000,23809.52
15735,201910,10,2019,71.0,6000000,84507.04
19581,202012,12,2020,51.6,9000000,174418.6
19581,202011,11,2020,125.2,9000000,71884.98
19581,202010,10,2020,176.5,9000000,50991.5
19581,202009,9,2020,189.6,9000000,47468.35
19581,202008,8,2020,158.4,9000000,56818.18
19581,202007,7,2020,180.3,9000000,49916.81
19581,202006,6,2020,183.5,9000000,49046.32
19581,202005,5,2020,179.0,9000000,50279.33
19581,202004,4,2020,192.9,9000000,46656.3
19581,202003,3,2020,206.7,9000000,43541.36
19581,202002,2,2020,172.6,9000000,52143.68
19581,202001,1,2020,186.7,9000000,48205.68
19581,201912,12,2019,192.9,9000000,46656.3
19581,201911,11,2019,162.0,9000000,55555.56
19581,201910,10,2019,59.3,9000000,151770.66
21794,201911,11,2019,,7500000,
21794,201910,10,2019,,7500000,
21798,202012,12,2020,-41.1,7500000,-182481.75
21798,202011,11,2020,-97.7,7500000,-76765.61
21798,202010,10,2020,-106.1,7500000,-70688.03
21798,202009,9,2020,-67.1,7500000,-111773.47
21798,202008,8,2020,-61.8,7500000,-121359.22
21798,202007,7,2020,-59.2,7500000,-126689.19
21798,202006,6,2020,-102.2,7500000,-73385.52
21798,202005,5,2020,-57.6,7500000,-130208.33
21798,202004,4,2020,-69.6,7500000,-107758.62
21798,202003,3,2020,-76.2,7500000,-98425.2
21798,202002,2,2020,-74.6,7500000,-100536.19
21798,202001,1,2020,-84.7,7500000,-88547.82
21798,201912,12,2019,-50.9,7500000,-147347.74
21798,201911,11,2019,,7500000,
21798,201910,10,2019,,7500000,
24347,202012,12,2020,70.4,14500000,205965.91
24347,202011,11,2020,145.2,14500000,99862.26
24347,202010,10,2020,173.8,14500000,83429.23
24347,202009,9,2020,181.8,14500000,79757.98
24347,202008,8,2020,185.8,14500000,78040.9
24347,202007,7,2020,176.0,14500000,82386.36
24347,202006,6,2020,189.3,14500000,76597.99
24347,202005,5,2020,181.3,14500000,79977.94
24347,202004,4,2020,187.9,14500000,77168.71
24347,202003,3,2020,199.9,14500000,72536.27
24347,202002,2,2020,184.1,14500000,78761.54
24347,202001,1,2020,188.9,14500000,76760.19
24347,201912,12,2019,175.4,14500000,82668.19
24347,201911,11,2019,166.4,14500000,87139.42
24347,201910,10,2019,45.4,14500000,319383.26
26612,202012,12,2020,105.0,9000000,85714.29
26612,202011,11,2020,189.0,9000000,47619.05
26612,202010,10,2020,186.0,9000000,48387.1
26612,202009,9,2020,198.0,9000000,45454.55
26612,202008,8,2020,159.0,9000000,56603.77
26612,202007,7,2020,207.0,9000000,43478.26
26612,202006,6,2020,205.5,9000000,43795.62
26612,202005,5,2020,173.0,9000000,52023.12
26612,202004,4,2020,185.0,9000000,48648.65
26612,202003,3,2020,154.4,9000000,58290.16
26612,202002,2,2020,126.0,9000000,71428.57
26612,202001,1,2020,176.6,9000000,50962.63
26612,201912,12,2019,179.1,9000000,50251.26
26612,201911,11,2019,181.0,9000000,49723.76
26612,201910,10,2019,36.7,9000000,245231.61
26622,202012,12,2020,105.0,5000000,47619.05
26622,202011,11,2020,189.2,5000000,26427.06
26622,202010,10,2020,172.9,5000000,28918.45
26622,202009,9,2020,202.0,5000000,24752.48
26622,202008,8,2020,173.9,5000000,28752.16
26622,202007,7,2020,199.8,5000000,25025.03
26622,202006,6,2020,192.4,5000000,25987.53
26622,202005,5,2020,167.5,5000000,29850.75
26622,202004,4,2020,185.0,5000000,27027.03
26622,202003,3,2020,185.4,5000000,26968.72
26622,202002,2,2020,135.9,5000000,36791.76
26622,202001,1,2020,194.2,5000000,25746.65
26622,201912,12,2019,179.3,5000000,27886.22
26622,201911,11,2019,200.8,5000000,24900.4
26622,201910,10,2019,87.4,5000000,57208.24
26628,202012,12,2020,40.8,12000000,294117.65
26628,202011,11,2020,107.9,12000000,111214.09
26628,202010,10,2020,192.9,12000000,62208.4
26628,202009,9,2020,182.3,12000000,65825.56
26628,202008,8,2020,176.4,12000000,68027.21
26628,202007,7,2020,198.3,12000000,60514.37
26628,202006,6,2020,187.0,12000000,64171.12
26628,202005,5,2020,157.1,12000000,76384.47
26628,202004,4,2020,161.2,12000000,74441.69
26628,202003,3,2020,198.5,12000000,60453.4
26628,202002,2,2020,171.5,12000000,69970.85
26628,202001,1,2020,192.0,12000000,62500.0
26628,201912,12,2019,156.0,12000000,76923.08
26628,201911,11,2019,177.7,12000000,67529.54
26631,202012,12,2020,58.4,9000000,154109.59
26631,202011,11,2020,115.1,9000000,78192.88
26631,202010,10,2020,182.6,9000000,49288.06
26631,202009,9,2020,193.4,9000000,46535.68
26631,202008,8,2020,177.6,9000000,50675.68
26631,202007,7,2020,201.1,9000000,44753.85
26631,202006,6,2020,190.9,9000000,47145.1
26631,202005,5,2020,154.9,9000000,58102.0
26631,202004,4,2020,177.2,9000000,50790.07
26631,202003,3,2020,162.9,9000000,55248.62
26631,202002,2,2020,181.9,9000000,49477.74
26631,202001,1,2020,201.4,9000000,44687.19
26631,201912,12,2019,204.9,9000000,43923.87
26631,201911,11,2019,153.8,9000000,58517.56
26648,202012,12,2020,100.6,13000000,129224.65
26648,202011,11,2020,141.4,13000000,91937.77
26648,202010,10,2020,208.9,13000000,62230.73
26648,202009,9,2020,220.2,13000000,59037.24
26648,202008,8,2020,201.4,13000000,64548.16
26648,202007,7,2020,221.2,13000000,58770.34
26648,202006,6,2020,182.3,13000000,71311.03
26648,202005,5,2020,169.1,13000000,76877.59
26648,202004,4,2020,193.2,13000000,67287.78
26648,202003,3,2020,207.8,13000000,62560.15
26648,202002,2,2020,197.1,13000000,65956.37
26648,202001,1,2020,211.9,13000000,61349.69
26648,201912,12,2019,127.4,13000000,102040.82
26648,201911,11,2019,189.1,13000000,68746.69
28496,202002,2,2020,110.2,12000000,108892.92
28496,202001,1,2020,187.8,12000000,63897.76
28496,201912,12,2019,181.8,12000000,66006.6
28496,201911,11,2019,173.0,12000000,69364.16
28496,201910,10,2019,22.7,12000000,528634.36
28754,202012,12,2020,117.0,11500000,98290.6
28754,202011,11,2020,189.0,11500000,60846.56
28754,202010,10,2020,171.0,11500000,67251.46
28754,202009,9,2020,198.0,11500000,58080.81
28754,202008,8,2020,164.0,11500000,70121.95
28754,202007,7,2020,198.0,11500000,58080.81
28754,202006,6,2020,189.0,11500000,60846.56
28754,202005,5,2020,176.0,11500000,65340.91
28754,202004,4,2020,189.0,11500000,60846.56
28754,202003,3,2020,163.3,11500000,70422.54
28754,202002,2,2020,178.6,11500000,64389.7
28754,202001,1,2020,178.4,11500000,64461.88
28754,201912,12,2019,181.7,11500000,63291.14
28754,201911,11,2019,199.2,11500000,57730.92
28754,201910,10,2019,36.6,11500000,314207.65
28763,202012,12,2020,108.0,5500000,50925.93
28763,202011,11,2020,189.0,5500000,29100.53
28763,202010,10,2020,162.0,5500000,33950.62
28763,202009,9,2020,198.0,5500000,27777.78
28763,202008,8,2020,171.0,5500000,32163.74
28763,202007,7,2020,199.0,5500000,27638.19
28763,202006,6,2020,189.0,5500000,29100.53
28763,202005,5,2020,168.0,5500000,32738.1
28763,202004,4,2020,194.0,5500000,28350.52
28763,202003,3,2020,181.3,5500000,30336.46
28763,202002,2,2020,179.4,5500000,30657.75
28763,202001,1,2020,202.7,5500000,27133.7
28763,201912,12,2019,189.2,5500000,29069.77
28763,201911,11,2019,186.4,5500000,29506.44
28763,201910,10,2019,25.0,5500000,220000.0
33936,202012,12,2020,40.3,7500000,186104.22
33936,202011,11,2020,145.0,7500000,51724.14
33936,202010,10,2020,205.7,7500000,36460.87
33936,202009,9,2020,183.7,7500000,40827.44
33936,202008,8,2020,167.4,7500000,44802.87
33936,202007,7,2020,188.2,7500000,39851.22
33936,202006,6,2020,196.2,7500000,38226.3
33936,202005,5,2020,134.5,7500000,55762.08
33936,202004,4,2020,181.9,7500000,41231.45
33936,202003,3,2020,186.2,7500000,40279.27
33936,202002,2,2020,178.4,7500000,42040.36
33936,202001,1,2020,191.1,7500000,39246.47
33936,201912,12,2019,180.7,7500000,41505.26
33936,201911,11,2019,177.1,7500000,42348.96
34514,202012,12,2020,61.1,14500000,237315.88
34514,202011,11,2020,115.5,14500000,125541.13
34514,202010,10,2020,179.1,14500000,80960.36
34514,202009,9,2020,201.8,14500000,71853.32
34514,202008,8,2020,193.0,14500000,75129.53
34514,202007,7,2020,198.8,14500000,72937.63
34514,202006,6,2020,193.8,14500000,74819.4
34514,202005,5,2020,182.2,14500000,79582.88
34514,202004,4,2020,189.3,14500000,76597.99
34514,202003,3,2020,196.7,14500000,73716.32
34514,202002,2,2020,185.4,14500000,78209.28
34514,202001,1,2020,194.2,14500000,74665.29
34514,201912,12,2019,177.9,14500000,81506.46
34514,201911,11,2019,187.9,14500000,77168.71
37659,202012,12,2020,67.6,14000000,207100.59
37659,202011,11,2020,121.3,14000000,115416.32
37659,202010,10,2020,208.5,14000000,67146.28
37659,202009,9,2020,196.0,14000000,71428.57
37659,202008,8,2020,170.0,14000000,82352.94
37659,202007,7,2020,196.7,14000000,71174.38
37659,202006,6,2020,193.1,14000000,72501.29
37659,202005,5,2020,188.0,14000000,74468.09
37659,202004,4,2020,197.6,14000000,70850.2
37659,202003,3,2020,224.6,14000000,62333.04
37659,202002,2,2020,193.7,14000000,72276.72
37659,202001,1,2020,215.7,14000000,64904.96
37659,201912,12,2019,190.3,14000000,73568.05
37659,201911,11,2019,157.5,14000000,88888.89
48508,202012,12,2020,121.0,12500000,103305.79
48508,202011,11,2020,215.6,12500000,57977.74
48508,202010,10,2020,188.3,12500000,66383.43
48508,202009,9,2020,224.0,12500000,55803.57
48508,202008,8,2020,183.0,12500000,68306.01
48508,202007,7,2020,237.0,12500000,52742.62
48508,202006,6,2020,224.8,12500000,55604.98
48508,202005,5,2020,192.4,12500000,64968.82
48508,202004,4,2020,227.0,12500000,55066.08
48508,202003,3,2020,178.6,12500000,69988.8
48508,202002,2,2020,198.3,12500000,63035.8
48508,202001,1,2020,172.7,12500000,72379.85
48508,201912,12,2019,170.0,12500000,73529.41
48508,201911,11,2019,27.4,12500000,456204.38
49616,202012,12,2020,-32.5,10000000,-307692.31
49616,202011,11,2020,-87.0,10000000,-114942.53
49616,202010,10,2020,-102.3,10000000,-97751.71
49616,202009,9,2020,-84.8,10000000,-117924.53
49616,202008,8,2020,-40.4,10000000,-247524.75
49616,202007,7,2020,-78.9,10000000,-126742.71
49616,202006,6,2020,-56.0,10000000,-178571.43
49616,202005,5,2020,-35.0,10000000,-285714.29
49616,202004,4,2020,-68.7,10000000,-145560.41
49616,202003,3,2020,-59.2,10000000,-168918.92
49616,202002,2,2020,-73.9,10000000,-135318.0
49616,202001,1,2020,-52.2,10000000,-191570.88
49616,201912,12,2019,-61.4,10000000,-162866.45
49616,201911,11,2019,,10000000,
51311,202012,12,2020,117.0,7500000,64102.56
51311,202011,11,2020,189.0,7500000,39682.54
51311,202010,10,2020,159.0,7500000,47169.81
51311,202009,9,2020,198.0,7500000,37878.79
51311,202008,8,2020,144.0,7500000,52083.33
51311,202007,7,2020,198.0,7500000,37878.79
51311,202006,6,2020,189.0,7500000,39682.54
51311,202005,5,2020,135.0,7500000,55555.56
51311,202004,4,2020,189.0,7500000,39682.54
51311,202003,3,2020,183.3,7500000,40916.53
51311,202002,2,2020,185.5,7500000,40431.27
51311,202001,1,2020,170.5,7500000,43988.27
51311,201912,12,2019,159.6,7500000,46992.48
53191,202012,12,2020,38.4,6000000,156250.0
53191,202011,11,2020,124.5,6000000,48192.77
53191,202010,10,2020,172.0,6000000,34883.72
53191,202009,9,2020,173.5,6000000,34582.13
53191,202008,8,2020,172.0,6000000,34883.72
53191,202007,7,2020,185.3,6000000,32379.92
53191,202006,6,2020,184.1,6000000,32590.98
53191,202005,5,2020,155.5,6000000,38585.21
53191,202004,4,2020,186.5,6000000,32171.58
53191,202003,3,2020,182.1,6000000,32948.93
53191,202002,2,2020,177.1,6000000,33879.16
53191,202001,1,2020,177.3,6000000,33840.95
53191,201912,12,2019,159.7,6000000,37570.44
57649,202012,12,2020,108.0,5500000,50925.93
57649,202011,11,2020,189.0,5500000,29100.53
57649,202010,10,2020,171.0,5500000,32163.74
57649,202009,9,2020,189.0,5500000,29100.53
57649,202008,8,2020,162.0,5500000,33950.62
57649,202007,7,2020,198.0,5500000,27777.78
57649,202006,6,2020,189.0,5500000,29100.53
57649,202005,5,2020,144.0,5500000,38194.44
57649,202004,4,2020,189.0,5500000,29100.53
57649,202003,3,2020,197.7,5500000,27819.93
57649,202002,2,2020,163.2,5500000,33700.98
57649,202001,1,2020,179.1,5500000,30709.1
57649,201912,12,2019,142.6,5500000,38569.43
58130,202012,12,2020,108.0,12500000,115740.74
58130,202011,11,2020,180.0,12500000,69444.44
58130,202010,10,2020,171.0,12500000,73099.42
58130,202009,9,2020,189.0,12500000,66137.57
58130,202008,8,2020,162.0,12500000,77160.49
58130,202007,7,2020,189.0,12500000,66137.57
58130,202006,6,2020,180.0,12500000,69444.44
58130,202005,5,2020,135.0,12500000,92592.59
58130,202004,4,2020,189.0,12500000,66137.57
58130,202003,3,2020,191.7,12500000,65206.05
58130,202002,2,2020,156.6,12500000,79821.2
58130,202001,1,2020,152.6,12500000,81913.5
58130,201912,12,2019,127.0,12500000,98425.2
109055,202012,12,2020,117.0,6000000,51282.05
109055,202011,11,2020,189.0,6000000,31746.03
109055,202010,10,2020,171.0,6000000,35087.72
109055,202009,9,2020,189.0,6000000,31746.03
109055,202008,8,2020,162.0,6000000,37037.04
109055,202007,7,2020,202.0,6000000,29702.97
109055,202006,6,2020,200.5,6000000,29925.19
109055,202005,5,2020,218.6,6000000,27447.39
109055,202004,4,2020,226.1,6000000,26536.93
109055,202003,3,2020,216.2,6000000,27752.08
109055,202002,2,2020,120.8,6000000,49668.87
109100,202012,12,2020,128.8,14000000,108695.65
109100,202011,11,2020,184.5,14000000,75880.76
109100,202010,10,2020,183.8,14000000,76169.75
109100,202009,9,2020,210.6,14000000,66476.73
109100,202008,8,2020,183.1,14000000,76460.95
109100,202007,7,2020,218.0,14000000,64220.18
109100,202006,6,2020,217.2,14000000,64456.72
109100,202005,5,2020,128.2,14000000,109204.37
109100,202004,4,2020,200.6,14000000,69790.63
109100,202003,3,2020,208.7,14000000,67081.94
109100,202002,2,2020,127.1,14000000,110149.49
111654,202012,12,2020,18.0,9000000,500000.0
111654,202011,11,2020,189.0,9000000,47619.05
111654,202010,10,2020,171.0,9000000,52631.58
111654,202009,9,2020,198.0,9000000,45454.55
111654,202008,8,2020,171.0,9000000,52631.58
111654,202007,7,2020,198.0,9000000,45454.55
111654,202006,6,2020,200.0,9000000,45000.0
111654,202005,5,2020,157.7,9000000,57070.39
111654,202004,4,2020,188.0,9000000,47872.34
111654,202003,3,2020,162.2,9000000,55487.05
111654,202002,2,2020,108.8,9000000,82720.59
116539,202004,4,2020,180.1,9000000,49972.24
116539,202003,3,2020,173.7,9000000,51813.47
116539,202002,2,2020,58.5,9000000,153846.15
117041,202012,12,2020,119.6,14500000,121237.46
117041,202011,11,2020,176.7,14500000,82059.99
117041,202010,10,2020,174.4,14500000,83142.2
117041,202009,9,2020,195.4,14500000,74206.76
117041,202008,8,2020,169.4,14500000,85596.22
117041,202007,7,2020,207.1,14500000,70014.49
117041,202006,6,2020,194.4,14500000,74588.48
117041,202005,5,2020,146.6,14500000,98908.59
117041,202004,4,2020,194.9,14500000,74397.13
117041,202003,3,2020,196.1,14500000,73941.87
117041,202002,2,2020,56.7,14500000,255731.92
124826,202012,12,2020,132.0,8500000,64393.94
124826,202011,11,2020,208.5,8500000,40767.39
124826,202010,10,2020,185.1,8500000,45921.12
124826,202009,9,2020,214.5,8500000,39627.04
124826,202008,8,2020,174.8,8500000,48627.0
124826,202007,7,2020,215.4,8500000,39461.47
124826,202006,6,2020,200.6,8500000,42372.88
124826,202005,5,2020,168.0,8500000,50595.24
124826,202004,4,2020,198.8,8500000,42756.54
124826,202003,3,2020,203.2,8500000,41830.71
124906,202012,12,2020,117.7,9000000,76465.59
124906,202011,11,2020,190.7,9000000,47194.55
124906,202010,10,2020,171.4,9000000,52508.75
124906,202009,9,2020,199.3,9000000,45158.05
124906,202008,8,2020,162.8,9000000,55282.56
124906,202007,7,2020,200.1,9000000,44977.51
124906,202006,6,2020,198.2,9000000,45408.68
124906,202005,5,2020,179.6,9000000,50111.36
124906,202004,4,2020,286.9,9000000,31369.82
124906,202003,3,2020,209.8,9000000,42898.0
129001,202012,12,2020,83.5,6000000,71856.29
129001,202011,11,2020,114.3,6000000,52493.44
129001,202010,10,2020,191.3,6000000,31364.35
129001,202009,9,2020,187.7,6000000,31965.9
129001,202008,8,2020,184.1,6000000,32590.98
129001,202007,7,2020,194.6,6000000,30832.48
129001,202006,6,2020,195.6,6000000,30674.85
129001,202005,5,2020,181.3,6000000,33094.32
129001,202004,4,2020,189.6,6000000,31645.57
129001,202003,3,2020,152.8,6000000,39267.02
135834,202012,12,2020,95.7,10000000,104493.21
135834,202011,11,2020,140.6,10000000,71123.76
135834,202010,10,2020,186.4,10000000,53648.07
135834,202009,9,2020,194.3,10000000,51466.8
135834,202008,8,2020,173.4,10000000,57670.13
135834,202007,7,2020,190.7,10000000,52438.38
135834,202006,6,2020,152.2,10000000,65703.02
135834,202005,5,2020,187.2,10000000,53418.8
135834,202004,4,2020,161.0,10000000,62111.8
135834,202003,3,2020,80.9,10000000,123609.39
151191,202012,12,2020,117.0,13000000,111111.11
151191,202011,11,2020,180.0,13000000,72222.22
151191,202010,10,2020,171.0,13000000,76023.39
151191,202009,9,2020,189.0,13000000,68783.07
151191,202008,8,2020,159.0,13000000,81761.01
151191,202007,7,2020,180.0,13000000,72222.22
151191,202006,6,2020,177.0,13000000,73446.33
151191,202005,5,2020,171.0,13000000,76023.39
151191,202004,4,2020,150.0,13000000,86666.67
151407,202012,12,2020,126.0,10000000,79365.08
151407,202011,11,2020,189.0,10000000,52910.05
151407,202010,10,2020,171.0,10000000,58479.53
151407,202009,9,2020,180.0,10000000,55555.56
151407,202008,8,2020,162.0,10000000,61728.4
151407,202007,7,2020,198.0,10000000,50505.05
151407,202006,6,2020,189.0,10000000,52910.05
151407,202005,5,2020,144.0,10000000,69444.44
151407,202004,4,2020,126.0,10000000,79365.08
152949,202012,12,2020,45.3,11000000,242825.61
152949,202011,11,2020,84.3,11000000,130486.36
152949,202010,10,2020,150.9,11000000,72895.96
152949,202009,9,2020,198.4,11000000,55443.55
152949,202008,8,2020,174.5,11000000,63037.25
152949,202007,7,2020,202.7,11000000,54267.39
152949,202006,6,2020,192.1,11000000,57261.84
152949,202005,5,2020,168.5,11000000,65281.9
152949,202004,4,2020,110.9,11000000,99188.46
173827,202012,12,2020,119.0,8000000,67226.89
173827,202011,11,2020,192.6,8000000,41536.86
173827,202010,10,2020,173.6,8000000,46082.95
173827,202009,9,2020,209.6,8000000,38167.94
173827,202008,8,2020,174.9,8000000,45740.42
173827,202007,7,2020,199.6,8000000,40080.16
173827,202006,6,2020,189.0,8000000,42328.04
173891,202012,12,2020,62.9,7000000,111287.76
173891,202011,11,2020,134.6,7000000,52005.94
173891,202010,10,2020,190.5,7000000,36745.41
173891,202009,9,2020,192.6,7000000,36344.76
173891,202008,8,2020,194.0,7000000,36082.47
173891,202007,7,2020,192.5,7000000,36363.64
173891,202006,6,2020,188.4,7000000,37154.99
174070,202012,12,2020,91.7,5500000,59978.19
174070,202011,11,2020,188.3,5500000,29208.71
174070,202010,10,2020,172.8,5500000,31828.7
174070,202009,9,2020,201.3,5500000,27322.4
174070,202008,8,2020,173.4,5500000,31718.57
174070,202007,7,2020,200.6,5500000,27417.75
174070,202006,6,2020,190.9,5500000,28810.9
187366,202012,12,2020,71.7,11500000,160390.52
187366,202011,11,2020,190.2,11500000,60462.67
187366,202010,10,2020,227.3,11500000,50593.93
187366,202009,9,2020,248.6,11500000,46259.05
187366,202008,8,2020,230.3,11500000,49934.87
187366,202007,7,2020,235.7,11500000,48790.84
187366,202006,6,2020,68.7,11500000,167394.47
191274,202012,12,2020,59.9,12500000,208681.14
191274,202011,11,2020,153.5,12500000,81433.22
191274,202010,10,2020,226.6,12500000,55163.28
191274,202009,9,2020,217.8,12500000,57392.1
191274,202008,8,2020,208.9,12500000,59837.24
191274,202007,7,2020,200.8,12500000,62251.0
191274,202006,6,2020,48.1,12500000,259875.26
194080,202010,10,2020,186.0,12500000,67204.3
194080,202009,9,2020,198.0,12500000,63131.31
194080,202008,8,2020,171.0,12500000,73099.42
194080,202007,7,2020,217.7,12500000,57418.47
194422,202012,12,2020,63.7,12000000,188383.05
194422,202011,11,2020,180.3,12000000,66555.74
194422,202010,10,2020,225.1,12000000,53309.64
194422,202009,9,2020,231.2,12000000,51903.11
194422,202008,8,2020,245.5,12000000,48879.84
194422,202007,7,2020,256.6,12000000,46765.39
194422,202006,6,2020,43.0,12000000,279069.77
196431,202012,12,2020,50.5,7000000,138613.86
196431,202011,11,2020,131.2,7000000,53353.66
196431,202010,10,2020,173.9,7000000,40253.02
196431,202009,9,2020,180.2,7000000,38845.73
196431,202008,8,2020,174.3,7000000,40160.64
196431,202007,7,2020,161.0,7000000,43478.26
201506,202012,12,2020,100.3,9000000,89730.81
201506,202011,11,2020,178.3,9000000,50476.72
201506,202010,10,2020,174.0,9000000,51724.14
201506,202009,9,2020,203.3,9000000,44269.55
201506,202008,8,2020,175.6,9000000,51252.85
201506,202007,7,2020,129.4,9000000,69551.78
205227,202012,12,2020,74.6,10000000,134048.26
205227,202011,11,2020,128.7,10000000,77700.08
205227,202010,10,2020,186.0,10000000,53763.44
205227,202009,9,2020,199.9,10000000,50025.01
205227,202008,8,2020,168.1,10000000,59488.4
205227,202007,7,2020,84.9,10000000,117785.63
208682,202012,12,2020,118.0,7000000,59322.03
208682,202011,11,2020,189.0,7000000,37037.04
208682,202010,10,2020,207.0,7000000,33816.43
208682,202009,9,2020,198.0,7000000,35353.54
208682,202008,8,2020,172.0,7000000,40697.67
208682,202007,7,2020,63.0,7000000,111111.11
213714,202012,12,2020,158.0,6000000,37974.68
213714,202011,11,2020,195.4,6000000,30706.24
213714,202010,10,2020,171.0,6000000,35087.72
213714,202009,9,2020,199.5,6000000,30075.19
213714,202008,8,2020,167.3,6000000,35863.72
218078,202011,11,2020,347.2,10500000,30241.94
218078,202010,10,2020,344.2,10500000,30505.52
218078,202009,9,2020,405.4,10500000,25900.35
218078,202008,8,2020,324.0,10500000,32407.41
232954,202012,12,2020,100.3,6000000,59820.54
232954,202011,11,2020,182.0,6000000,32967.03
232954,202010,10,2020,197.5,6000000,30379.75
232954,202009,9,2020,198.0,6000000,30303.03
232954,202008,8,2020,189.0,6000000,31746.03
232954,202007,7,2020,45.0,6000000,133333.33
251119,202012,12,2020,116.5,11000000,94420.6
251119,202011,11,2020,193.7,11000000,56788.85
251119,202010,10,2020,183.7,11000000,59880.24
251119,202009,9,2020,203.1,11000000,54160.51
251119,202008,8,2020,9.0,11000000,1222222.22
251171,202012,12,2020,94.4,5000000,52966.1
251171,202011,11,2020,152.4,5000000,32808.4
251171,202010,10,2020,209.4,5000000,23877.75
251171,202009,9,2020,223.9,5000000,22331.4
251171,202008,8,2020,64.1,5000000,78003.12
259276,202012,12,2020,45.0,10000000,222222.22
259276,202011,11,2020,180.0,10000000,55555.56
259276,202010,10,2020,171.0,10000000,58479.53
259276,202009,9,2020,173.9,10000000,57504.31
285438,202012,12,2020,1.8,11000000,6111111.11
285438,202011,11,2020,199.4,11000000,55165.5
285438,202010,10,2020,142.4,11000000,77247.19
285454,202012,12,2020,21.2,8000000,377358.49
285454,202011,11,2020,213.1,8000000,37541.06
285454,202010,10,2020,139.7,8000000,57265.57
285511,202012,12,2020,25.5,9500000,372549.02
285511,202011,11,2020,167.9,9500000,56581.3
285511,202010,10,2020,125.8,9500000,75516.69
311335,202012,12,2020,126.0,13500000,107142.86
311335,202011,11,2020,99.8,13500000,135270.54
325787,202012,12,2020,78.1,12500000,160051.22
329501,202012,12,2020,80.9,13000000,160692.21
331374,202012,12,2020,70.7,6000000,84865.63
340184,202012,12,2020,8.7,11500000,1321839.08
